,Actual,BERT,Scaled attention,DeepLift,Gradients,Domain
0,2,0,0,1,0,Full
1,1,3,1,0,1,Full
2,2,0,3,3,0,Full
3,2,3,2,2,0,Full
4,5,3,1,0,0,Full
5,5,3,0,0,0,Full
6,3,3,0,2,1,Full
7,3,3,1,5,1,Full
8,2,3,0,3,1,Full
9,1,0,1,0,3,Full
10,1,0,1,0,0,Full
11,5,3,1,0,5,Full
12,0,0,3,0,0,Full
13,2,0,1,5,0,Full
14,0,0,1,5,0,Full
15,0,3,3,0,0,Full
16,2,3,0,5,0,Full
17,0,0,0,0,0,Full
18,5,0,5,0,1,Full
19,1,3,1,1,0,Full
20,5,3,0,0,0,Full
21,0,0,1,3,0,Full
22,2,3,1,5,1,Full
23,1,0,0,0,0,Full
24,5,3,0,0,1,Full
25,2,0,0,0,0,Full
26,5,3,0,1,0,Full
27,3,0,3,3,0,Full
28,5,3,1,0,1,Full
29,5,3,1,3,0,Full
30,2,0,0,0,0,Full
31,0,0,3,0,0,Full
32,1,0,2,2,0,Full
33,5,0,1,0,1,Full
34,5,3,1,2,5,Full
35,0,0,1,5,0,Full
36,2,3,1,0,0,Full
37,0,3,1,3,1,Full
38,1,0,2,2,0,Full
39,5,0,1,0,5,Full
40,1,0,0,0,0,Full
41,2,3,2,2,0,Full
42,5,3,1,4,1,Full
43,0,3,0,2,5,Full
44,0,0,2,5,0,Full
45,0,3,5,2,1,Full
46,3,3,1,0,0,Full
47,0,0,1,0,0,Full
48,1,3,0,5,0,Full
49,0,0,0,2,1,Full
50,3,3,0,1,1,Full
51,0,0,3,0,0,Full
52,0,0,0,0,0,Full
53,1,0,3,0,0,Full
54,5,3,1,2,0,Full
55,0,3,1,2,0,Full
56,2,3,0,0,0,Full
57,2,3,0,1,0,Full
58,3,3,0,5,0,Full
59,0,0,0,0,0,Full
60,1,0,0,5,5,Full
61,3,3,0,2,0,Full
62,0,0,1,3,1,Full
63,0,3,1,0,1,Full
64,2,0,0,3,0,Full
65,3,3,3,3,0,Full
66,5,3,0,0,5,Full
67,2,0,0,5,0,Full
68,0,0,1,0,1,Full
69,0,0,1,0,0,Full
70,3,3,1,0,0,Full
71,3,1,0,3,1,Full
72,1,0,2,0,5,Full
73,0,3,1,0,5,Full
74,0,3,0,0,0,Full
75,3,3,1,2,0,Full
76,3,0,0,5,0,Full
77,0,0,0,2,1,Full
78,0,0,3,0,1,Full
79,1,0,0,3,0,Full
80,3,3,1,0,5,Full
81,2,0,0,0,5,Full
82,2,0,0,3,0,Full
83,1,0,5,3,1,Full
84,2,0,2,0,4,Full
85,1,3,1,5,0,Full
86,2,0,1,5,0,Full
87,2,3,0,3,0,Full
88,0,0,0,0,1,Full
89,3,3,1,5,0,Full
90,0,0,5,0,4,Full
91,0,0,1,3,1,Full
92,0,0,3,0,0,Full
93,1,3,2,0,0,Full
94,1,3,0,1,5,Full
95,1,0,0,2,0,Full
96,1,3,3,5,0,Full
97,3,3,0,0,0,Full
98,0,0,1,2,0,Full
99,3,0,0,3,0,Full
100,0,0,0,0,0,Full
101,0,0,3,0,0,Full
102,0,0,1,2,0,Full
103,2,3,0,0,0,Full
104,3,3,3,5,0,Full
105,5,3,0,1,3,Full
106,2,0,0,0,0,Full
107,2,0,0,3,1,Full
108,1,0,3,3,1,Full
109,0,3,3,0,5,Full
110,1,3,3,0,1,Full
111,5,0,3,5,5,Full
112,5,0,1,0,0,Full
113,1,3,1,0,0,Full
114,1,3,1,0,1,Full
115,0,0,3,0,0,Full
116,0,0,0,0,0,Full
117,0,0,0,0,5,Full
118,0,0,3,1,0,Full
119,2,3,0,0,0,Full
120,3,0,1,5,0,Full
121,1,0,0,3,0,Full
122,3,0,1,3,0,Full
123,2,0,3,1,1,Full
124,0,0,3,3,1,Full
125,2,3,1,0,0,Full
126,2,0,0,0,1,Full
127,5,0,0,2,0,Full
128,1,0,5,5,0,Full
129,1,3,0,0,0,Full
130,2,2,0,2,0,Full
131,0,0,3,0,0,Full
132,2,0,1,1,0,Full
133,1,3,1,4,0,Full
134,3,3,0,5,0,Full
135,2,0,1,5,1,Full
136,2,3,0,5,1,Full
137,0,0,0,0,0,Full
138,0,3,1,0,0,Full
139,1,3,0,0,1,Full
140,5,0,1,5,0,Full
141,0,1,0,1,5,Full
142,5,3,1,3,0,Full
143,5,3,1,3,0,Full
144,1,0,0,2,0,Full
145,5,3,1,1,0,Full
146,2,0,1,0,0,Full
147,3,3,0,0,1,Full
148,3,0,1,5,0,Full
149,1,0,1,0,0,Full
150,1,3,1,2,5,Full
151,3,3,1,5,1,Full
152,3,0,1,3,0,Full
153,3,3,1,5,5,Full
154,5,3,1,1,0,Full
155,3,3,0,0,0,Full
156,0,0,0,3,0,Full
157,0,0,1,0,0,Full
158,3,3,2,0,0,Full
159,2,0,0,0,1,Full
160,3,0,1,1,5,Full
161,1,3,5,5,0,Full
162,0,0,0,3,0,Full
163,1,0,1,1,0,Full
164,0,0,3,5,1,Full
165,1,3,1,3,0,Full
166,1,0,0,0,0,Full
167,5,0,1,5,5,Full
168,3,0,0,1,0,Full
169,4,4,3,1,0,Full
170,1,3,1,0,0,Full
171,3,0,0,0,0,Full
172,2,1,1,5,0,Full
173,5,0,1,0,5,Full
174,0,0,0,0,0,Full
175,2,2,3,4,0,Full
176,1,3,0,0,0,Full
177,2,3,1,3,0,Full
178,1,3,0,3,0,Full
179,0,0,1,0,0,Full
180,0,0,0,2,0,Full
181,4,4,1,3,0,Full
182,0,3,0,0,0,Full
183,3,3,0,0,0,Full
184,0,0,0,0,1,Full
185,5,3,0,0,1,Full
186,2,0,0,5,0,Full
187,3,3,1,1,4,Full
188,4,4,3,0,1,Full
189,0,0,2,0,0,Full
190,2,0,0,0,1,Full
191,5,3,0,1,1,Full
192,0,0,0,3,0,Full
193,3,3,2,0,0,Full
194,1,0,1,1,3,Full
195,3,3,0,2,1,Full
196,2,0,3,0,0,Full
197,0,3,1,5,5,Full
198,3,3,0,3,0,Full
199,0,0,0,5,0,Full
200,2,3,3,3,1,Full
201,1,3,0,0,0,Full
202,0,3,1,0,1,Full
203,0,0,0,5,0,Full
204,0,3,1,3,0,Full
205,2,0,1,0,0,Full
206,2,0,1,3,0,Full
207,2,1,0,3,1,Full
208,1,0,0,0,3,Full
209,3,0,1,0,0,Full
210,2,0,0,3,0,Full
211,1,0,2,5,1,Full
212,5,0,0,5,0,Full
213,0,3,0,0,1,Full
214,1,3,1,3,0,Full
215,0,0,1,1,0,Full
216,5,0,2,0,0,Full
217,3,3,0,0,0,Full
218,5,0,0,5,0,Full
219,5,3,3,1,0,Full
220,3,0,0,5,0,Full
221,0,3,0,5,1,Full
222,3,3,0,0,5,Full
223,0,3,1,3,0,Full
224,0,0,0,1,0,Full
225,3,3,0,5,0,Full
226,0,0,1,5,0,Full
227,0,3,1,3,1,Full
228,2,0,1,3,0,Full
229,5,3,1,1,0,Full
230,5,0,1,3,0,Full
231,0,3,0,3,0,Full
232,0,0,1,0,0,Full
233,1,0,1,0,1,Full
234,0,3,0,3,0,Full
235,0,0,1,0,1,Full
236,1,0,0,2,0,Full
237,0,0,1,5,0,Full
238,3,0,1,0,0,Full
239,1,3,1,1,0,Full
240,0,1,2,2,5,Full
241,2,0,5,1,1,Full
242,0,0,0,3,5,Full
243,1,3,0,1,1,Full
244,0,0,1,5,1,Full
245,0,0,0,2,3,Full
246,5,3,0,1,1,Full
247,0,3,1,0,3,Full
248,3,3,1,0,1,Full
249,2,3,1,0,0,Full
250,0,3,0,5,5,Full
251,3,3,1,0,0,Full
252,0,3,2,0,0,Full
253,3,3,0,0,0,Full
254,2,3,1,0,0,Full
255,5,3,1,1,0,Full
256,1,0,3,0,0,Full
257,3,0,1,0,0,Full
258,4,4,0,5,5,Full
259,3,3,0,0,0,Full
260,3,3,1,5,0,Full
261,2,0,1,1,0,Full
262,3,0,0,2,0,Full
263,0,0,1,5,0,Full
264,3,3,1,1,0,Full
265,1,3,3,4,0,Full
266,2,0,0,5,0,Full
267,5,3,1,3,0,Full
268,1,0,5,1,0,Full
269,2,0,1,0,4,Full
270,1,0,1,3,5,Full
271,3,3,1,2,0,Full
272,1,3,0,5,0,Full
273,0,0,0,1,0,Full
274,3,0,1,3,1,Full
275,5,3,1,2,0,Full
276,3,0,1,0,0,Full
277,5,0,4,5,0,Full
278,1,0,1,3,0,Full
279,3,2,0,0,0,Full
280,5,3,1,0,1,Full
281,0,0,0,0,0,Full
282,0,0,1,2,1,Full
283,1,0,0,3,5,Full
284,3,0,0,0,1,Full
285,3,0,1,5,0,Full
286,0,0,0,0,0,Full
287,5,0,2,2,0,Full
288,0,3,0,3,0,Full
289,2,0,0,0,0,Full
290,2,3,3,2,0,Full
291,3,0,0,2,0,Full
292,0,3,3,0,0,Full
293,3,0,2,3,0,Full
294,0,0,3,5,5,Full
295,1,3,1,0,0,Full
296,1,3,3,0,1,Full
297,0,3,0,0,1,Full
298,3,3,0,0,1,Full
299,3,0,0,0,0,Full
300,0,0,3,2,0,Full
301,1,0,1,0,1,Full
302,5,3,0,3,0,Full
303,0,0,0,0,0,Full
304,2,0,0,0,0,Full
305,0,3,1,1,1,Full
306,3,0,1,0,0,Full
307,2,3,0,3,1,Full
308,0,3,1,0,0,Full
309,1,3,2,1,0,Full
310,1,0,0,2,1,Full
311,1,3,0,5,5,Full
312,2,0,3,0,1,Full
313,1,0,0,3,0,Full
314,5,0,0,3,0,Full
315,0,0,0,0,0,Full
316,5,3,3,0,5,Full
317,2,0,1,3,0,Full
318,2,0,1,5,0,Full
319,3,3,0,2,0,Full
320,2,0,2,3,0,Full
321,0,0,2,0,0,Full
322,2,0,0,0,0,Full
323,2,3,2,5,0,Full
324,3,0,1,0,0,Full
325,0,0,0,3,1,Full
326,2,3,1,0,0,Full
327,3,3,1,1,0,Full
328,3,3,0,0,0,Full
329,1,0,1,0,0,Full
330,3,0,3,2,0,Full
331,1,3,1,0,0,Full
332,3,3,3,2,0,Full
333,0,0,0,1,0,Full
334,3,0,3,3,0,Full
335,1,3,0,0,0,Full
336,5,3,5,0,0,Full
337,0,3,1,3,0,Full
338,1,0,1,5,4,Full
339,0,0,0,3,1,Full
340,2,3,0,0,0,Full
341,5,0,5,0,0,Full
342,1,0,0,0,0,Full
343,1,0,2,5,1,Full
344,3,3,0,5,3,Full
345,3,0,1,0,0,Full
346,5,3,0,0,0,Full
347,2,0,1,2,0,Full
348,3,0,0,3,0,Full
349,0,0,0,5,0,Full
350,1,3,0,2,0,Full
351,1,0,1,2,0,Full
352,1,0,0,5,0,Full
353,0,0,0,5,0,Full
354,2,3,5,0,0,Full
355,3,0,2,3,0,Full
356,5,3,0,3,5,Full
357,0,0,1,0,0,Full
358,3,0,0,0,0,Full
359,1,0,2,1,0,Full
360,3,3,1,5,1,Full
361,0,0,1,5,0,Full
362,0,0,1,1,4,Full
363,2,0,2,5,0,Full
364,2,0,0,1,0,Full
365,2,0,3,0,0,Full
366,5,0,0,3,0,Full
367,5,3,0,0,0,Full
368,0,0,5,0,0,Full
369,4,4,1,5,0,Full
370,3,3,0,5,1,Full
371,5,3,4,0,0,Full
372,1,0,0,5,0,Full
373,0,0,2,5,0,Full
374,2,3,1,0,0,Full
375,0,0,3,5,0,Full
376,3,3,3,3,5,Full
377,3,3,2,1,0,Full
378,1,3,0,5,0,Full
379,1,0,1,0,0,Full
380,2,3,3,0,0,Full
381,3,0,1,3,1,Full
382,0,3,0,3,5,Full
383,5,3,0,2,0,Full
384,3,1,1,5,0,Full
385,5,3,0,2,0,Full
386,0,0,1,0,5,Full
387,3,0,0,0,0,Full
388,2,0,0,2,0,Full
389,1,0,1,3,0,Full
390,3,3,1,5,0,Full
391,0,0,0,3,1,Full
392,5,3,1,4,0,Full
393,5,0,4,5,1,Full
394,2,1,0,4,0,Full
395,1,3,0,5,0,Full
396,1,3,0,5,0,Full
397,0,0,1,5,0,Full
398,1,0,1,3,1,Full
399,1,0,3,3,0,Full
400,0,0,1,0,1,Full
401,0,0,0,5,5,Full
402,2,3,0,1,0,Full
403,0,0,1,1,5,Full
404,0,0,1,3,0,Full
405,1,0,1,0,0,Full
406,0,0,1,0,0,Full
407,0,0,1,5,0,Full
408,5,3,3,3,0,Full
409,5,3,0,5,0,Full
410,2,3,5,3,1,Full
411,4,4,0,5,1,Full
412,0,0,1,0,0,Full
413,3,0,1,3,0,Full
414,1,3,1,0,1,Full
415,5,3,0,3,5,Full
416,3,3,3,0,0,Full
417,0,0,0,3,1,Full
418,0,0,3,0,0,Full
419,3,0,2,2,0,Full
420,5,0,0,1,1,Full
421,0,0,1,5,0,Full
422,5,3,1,5,0,Full
423,0,3,1,1,0,Full
424,2,3,3,0,0,Full
425,1,3,3,0,0,Full
426,3,3,1,3,0,Full
427,0,0,1,0,0,Full
428,3,0,2,0,0,Full
429,0,3,0,5,0,Full
430,1,3,0,5,5,Full
431,3,0,1,0,5,Full
432,0,0,0,5,5,Full
433,1,3,5,0,0,Full
434,0,0,0,0,0,Full
435,5,0,1,2,0,Full
436,0,3,0,0,1,Full
437,5,0,0,3,5,Full
438,1,3,3,0,0,Full
439,2,0,0,3,1,Full
440,1,3,3,3,0,Full
441,5,0,3,2,3,Full
442,5,0,0,5,0,Full
443,4,4,0,0,1,Full
444,2,0,3,0,0,Full
445,1,0,1,0,1,Full
446,3,3,0,0,1,Full
447,5,3,1,0,0,Full
448,1,3,0,5,0,Full
449,1,3,1,5,0,Full
450,5,3,0,0,0,Full
451,0,0,3,0,0,Full
452,0,0,3,5,1,Full
453,0,0,0,5,0,Full
454,5,0,3,0,0,Full
455,1,0,5,3,0,Full
456,2,0,1,0,0,Full
457,3,3,0,1,0,Full
458,0,0,4,2,0,Full
459,2,3,5,3,1,Full
460,1,3,1,5,1,Full
461,0,0,1,0,5,Full
462,0,0,0,0,0,Full
463,3,3,1,3,0,Full
464,2,3,3,1,5,Full
465,1,3,0,0,1,Full
466,5,3,3,0,1,Full
467,5,3,1,2,4,Full
468,0,0,1,0,1,Full
469,4,4,1,5,0,Full
470,3,3,1,3,5,Full
471,3,3,3,0,0,Full
472,0,0,0,1,0,Full
473,2,3,1,2,0,Full
474,3,0,3,3,0,Full
475,0,0,0,1,1,Full
476,5,3,2,3,1,Full
477,1,0,0,5,5,Full
478,2,0,0,0,0,Full
479,5,3,0,0,0,Full
480,5,3,0,0,0,Full
481,3,0,0,0,5,Full
482,3,3,1,3,1,Full
483,1,0,0,2,5,Full
484,1,3,1,0,0,Full
485,2,0,2,5,0,Full
486,1,0,0,0,0,Full
487,0,0,1,0,0,Full
488,0,3,1,1,0,Full
489,1,3,1,0,0,Full
490,1,0,1,3,0,Full
491,5,3,0,1,0,Full
492,5,0,0,1,3,Full
493,0,3,0,3,0,Full
494,5,3,0,5,1,Full
495,5,3,1,3,0,Full
496,3,3,0,0,1,Full
497,2,0,1,3,5,Full
498,0,0,1,5,1,Full
499,5,3,3,0,0,Full
500,3,0,1,0,0,Full
501,0,0,3,0,1,Full
502,0,0,0,0,0,Full
503,3,3,0,5,0,Full
504,3,0,0,0,0,Full
505,3,0,3,0,0,Full
506,5,3,1,0,0,Full
507,3,3,3,2,1,Full
508,3,0,1,1,0,Full
509,2,0,0,5,0,Full
510,1,3,2,3,0,Full
511,0,0,0,5,1,Full
512,0,3,3,1,0,Full
513,2,0,0,0,0,Full
514,3,3,3,0,0,Full
515,0,0,0,0,0,Full
516,5,3,0,5,0,Full
517,5,3,5,0,0,Full
518,0,0,1,3,5,Full
519,1,3,0,0,0,Full
520,1,0,1,0,0,Full
521,1,3,1,2,0,Full
522,0,0,1,1,0,Full
523,0,0,0,3,1,Full
524,0,0,0,3,0,Full
525,3,0,5,3,0,Full
526,1,3,1,0,0,Full
527,0,0,3,5,0,Full
528,3,0,0,0,0,Full
529,1,0,1,2,0,Full
530,0,0,0,0,0,Full
531,2,3,1,0,0,Full
532,3,3,0,5,0,Full
533,1,1,0,5,0,Full
534,5,3,0,0,0,Full
535,5,3,0,1,1,Full
536,2,0,0,0,0,Full
537,1,1,2,2,0,Full
538,0,0,3,5,1,Full
539,5,3,0,0,0,Full
540,2,0,3,0,0,Full
541,0,0,0,5,0,Full
542,0,0,0,0,0,Full
543,1,3,2,3,0,Full
544,2,0,1,3,5,Full
545,1,3,0,1,0,Full
546,0,0,4,0,0,Full
547,3,0,0,0,1,Full
548,0,0,0,0,0,Full
549,0,0,5,1,0,Full
550,1,0,1,0,0,Full
551,3,3,0,0,0,Full
552,0,0,0,3,1,Full
553,5,3,1,5,0,Full
554,2,3,0,1,0,Full
555,0,0,1,3,0,Full
556,5,3,3,5,0,Full
557,2,0,1,5,0,Full
558,0,0,1,3,0,Full
559,0,0,0,2,0,Full
560,1,0,1,2,0,Full
561,5,0,1,0,0,Full
562,5,3,0,5,1,Full
563,1,3,0,1,1,Full
564,2,2,0,0,5,Full
565,0,3,3,2,1,Full
566,2,1,1,0,0,Full
567,0,0,1,5,0,Full
568,0,0,3,0,0,Full
569,0,0,1,0,5,Full
570,5,3,0,3,0,Full
571,2,3,0,0,5,Full
572,0,3,1,0,0,Full
573,1,0,1,5,0,Full
574,3,0,0,0,0,Full
575,5,0,0,0,0,Full
576,3,3,0,0,0,Full
577,1,3,3,5,0,Full
578,1,0,2,3,1,Full
579,1,3,0,1,1,Full
580,1,3,3,0,0,Full
581,3,3,3,5,0,Full
582,5,0,0,0,1,Full
583,3,0,0,2,0,Full
584,0,3,3,5,5,Full
585,3,3,3,3,0,Full
586,5,3,0,5,0,Full
587,3,3,3,3,0,Full
588,0,3,0,2,0,Full
589,1,0,1,5,0,Full
590,3,3,1,3,0,Full
591,0,0,2,3,0,Full
592,2,3,1,2,0,Full
593,3,3,0,2,0,Full
594,5,3,1,0,0,Full
595,5,0,0,0,0,Full
596,0,0,3,0,0,Full
597,2,3,1,2,0,Full
598,0,0,1,5,1,Full
599,0,3,5,5,0,Full
600,0,3,0,5,0,Full
601,1,0,1,5,4,Full
602,0,0,0,0,0,Full
603,0,0,1,0,0,Full
604,2,0,3,0,0,Full
605,0,3,0,5,0,Full
606,3,3,0,1,0,Full
607,0,0,0,0,0,Full
608,3,3,3,5,5,Full
609,0,0,0,1,0,Full
610,5,3,0,1,0,Full
611,1,3,1,5,1,Full
612,1,0,1,0,0,Full
613,0,0,0,5,0,Full
614,0,3,1,0,1,Full
615,2,0,0,0,0,Full
616,3,0,0,5,1,Full
617,0,0,1,2,0,Full
618,3,3,1,3,0,Full
619,2,3,0,5,0,Full
620,2,0,0,3,0,Full
621,1,3,1,5,0,Full
622,0,0,1,2,0,Full
623,0,0,0,0,0,Full
624,0,0,0,5,0,Full
625,2,0,1,0,1,Full
626,5,3,0,0,0,Full
627,1,3,0,0,0,Full
628,1,3,3,0,0,Full
629,3,3,3,3,0,Full
630,0,0,1,2,0,Full
631,1,0,1,5,0,Full
632,1,1,1,0,0,Full
633,2,3,0,1,0,Full
634,5,0,3,3,1,Full
635,2,3,1,0,0,Full
636,3,3,3,1,5,Full
637,1,1,0,5,0,Full
638,3,3,1,3,0,Full
639,0,0,0,0,0,Full
640,2,0,0,1,5,Full
641,1,3,0,4,0,Full
642,2,0,0,1,0,Full
643,5,3,1,0,0,Full
644,2,0,1,0,0,Full
645,0,3,1,0,0,Full
646,5,3,1,3,0,Full
647,5,3,0,1,0,Full
648,0,3,1,3,1,Full
649,2,0,1,0,0,Full
650,1,3,1,3,0,Full
651,5,3,3,3,0,Full
652,0,3,0,5,1,Full
653,2,0,2,3,0,Full
654,3,3,0,2,0,Full
655,0,3,5,5,0,Full
656,5,0,0,0,0,Full
657,0,0,3,0,0,Full
658,0,0,1,0,0,Full
659,3,3,0,0,0,Full
660,1,3,1,5,5,Full
661,5,3,0,0,0,Full
662,1,3,0,3,1,Full
663,2,3,0,0,0,Full
664,0,0,1,2,0,Full
665,2,0,1,5,5,Full
666,1,0,3,0,5,Full
667,2,3,0,0,0,Full
668,1,0,0,2,0,Full
669,4,4,0,1,0,Full
670,3,0,0,0,5,Full
671,2,0,1,2,4,Full
672,0,0,1,1,0,Full
673,1,3,0,2,1,Full
674,1,0,0,0,0,Full
675,0,3,0,0,0,Full
676,2,0,1,0,0,Full
677,0,0,1,2,0,Full
678,0,3,0,5,0,Full
679,1,0,1,5,0,Full
680,3,3,1,0,0,Full
681,1,3,0,5,0,Full
682,2,0,0,2,0,Full
683,2,0,1,0,0,Full
684,0,0,0,5,1,Full
685,1,0,0,5,0,Full
686,5,3,3,3,0,Full
687,5,0,1,5,5,Full
688,2,1,0,0,0,Full
689,1,0,0,1,0,Full
690,3,3,0,3,1,Full
691,1,0,3,0,0,Full
692,1,0,0,3,0,Full
693,0,0,1,0,0,Full
694,3,3,5,5,0,Full
695,1,0,0,0,1,Full
696,3,3,1,5,0,Full
697,1,0,3,0,0,Full
698,3,0,0,5,0,Full
699,3,3,1,2,0,Full
700,0,3,1,5,0,Full
701,0,3,3,0,0,Full
702,1,3,2,3,0,Full
703,3,3,0,1,0,Full
704,1,0,1,0,0,Full
705,0,0,0,5,0,Full
706,3,3,1,3,5,Full
707,0,0,3,0,0,Full
708,1,0,0,3,1,Full
709,2,0,0,1,1,Full
710,0,3,0,0,0,Full
711,0,3,0,3,1,Full
712,0,0,0,1,1,Full
713,5,3,0,0,5,Full
714,3,3,1,0,0,Full
715,5,0,1,2,0,Full
716,5,3,3,1,0,Full
717,0,2,1,5,1,Full
718,0,3,0,5,0,Full
719,2,0,0,1,0,Full
720,0,0,3,3,0,Full
721,1,0,1,2,0,Full
722,0,0,2,0,0,Full
723,2,3,3,0,1,Full
724,2,3,0,1,0,Full
725,0,3,5,0,0,Full
726,2,3,1,0,0,Full
727,1,3,0,0,0,Full
728,5,3,2,5,0,Full
729,5,3,0,0,5,Full
730,0,0,0,3,0,Full
731,4,4,0,3,0,Full
732,2,0,0,0,1,Full
733,0,0,3,1,0,Full
734,5,3,1,3,1,Full
735,0,0,1,3,1,Full
736,3,0,0,5,1,Full
737,0,0,0,5,0,Full
738,3,3,1,3,1,Full
739,1,3,3,0,0,Full
740,2,3,0,5,0,Full
741,3,3,3,3,5,Full
742,0,1,0,1,0,Full
743,3,3,1,0,0,Full
744,3,3,1,0,0,Full
745,5,0,1,5,1,Full
746,3,0,0,5,0,Full
747,5,3,0,3,3,Full
748,2,3,1,1,1,Full
749,0,0,1,5,4,Full
750,2,0,1,3,1,Full
751,0,0,0,3,0,Full
752,3,3,0,3,3,Full
753,1,0,0,0,0,Full
754,1,0,0,3,0,Full
755,5,3,0,5,1,Full
756,1,3,0,5,0,Full
757,0,3,0,5,0,Full
758,5,3,0,0,1,Full
759,1,0,1,0,0,Full
760,0,0,0,5,0,Full
761,2,3,1,2,0,Full
762,0,0,1,5,1,Full
763,1,0,3,0,0,Full
764,2,0,0,1,3,Full
765,0,0,1,1,0,Full
766,2,0,0,3,1,Full
767,0,3,0,5,5,Full
768,3,0,1,3,0,Full
769,2,0,3,0,0,Full
770,1,0,1,5,0,Full
771,3,3,1,3,0,Full
772,3,0,3,2,0,Full
773,4,4,1,1,0,Full
774,1,3,0,0,0,Full
775,0,0,3,1,0,Full
776,0,0,2,0,0,Full
777,5,3,0,0,0,Full
778,5,3,1,3,1,Full
779,1,0,0,0,1,Full
780,0,3,5,3,0,Full
781,0,0,0,5,0,Full
782,2,0,0,0,0,Full
783,2,0,0,0,0,Full
784,0,0,1,3,0,Full
785,5,3,0,2,0,Full
786,1,3,1,1,0,Full
787,3,3,3,0,5,Full
788,1,3,0,5,5,Full
789,1,3,0,0,1,Full
790,5,3,1,3,0,Full
791,3,0,0,0,1,Full
792,1,3,3,1,0,Full
793,2,0,1,5,5,Full
794,0,0,0,5,0,Full
795,2,3,0,3,1,Full
796,0,0,0,2,5,Full
797,0,0,0,3,1,Full
798,5,3,1,0,0,Full
799,3,3,1,0,0,Full
800,1,0,0,0,5,Full
801,2,0,4,5,5,Full
802,3,0,1,5,1,Full
803,0,0,0,3,0,Full
804,0,0,0,0,1,Full
805,1,3,1,5,1,Full
806,3,3,0,0,1,Full
807,0,3,1,4,0,Full
808,0,0,1,3,1,Full
809,0,3,5,2,0,Full
810,0,0,0,1,1,Full
811,0,0,3,0,1,Full
812,1,3,1,0,1,Full
813,4,4,1,5,0,Full
814,1,3,3,3,1,Full
815,0,3,1,4,1,Full
816,0,0,1,2,1,Full
817,5,0,0,2,1,Full
818,1,0,0,3,0,Full
819,1,0,1,3,0,Full
820,0,0,0,1,0,Full
821,5,3,0,3,0,Full
822,5,0,0,0,5,Full
823,0,3,0,0,0,Full
824,3,3,1,0,0,Full
825,3,3,0,0,1,Full
826,3,3,0,3,0,Full
827,5,3,1,3,5,Full
828,1,1,3,0,1,Full
829,5,0,1,3,0,Full
830,1,0,3,2,0,Full
831,2,0,1,3,5,Full
832,5,3,1,3,1,Full
833,3,3,1,5,0,Full
834,2,0,3,0,0,Full
835,1,0,2,1,0,Full
836,1,3,0,3,0,Full
837,3,3,1,0,0,Full
838,1,0,1,0,1,Full
839,0,3,1,3,0,Full
840,1,3,1,0,0,Full
841,5,0,5,2,0,Full
842,5,3,3,5,1,Full
843,5,0,1,0,0,Full
844,1,3,0,1,0,Full
845,5,0,1,5,0,Full
846,0,0,1,5,0,Full
847,0,0,0,5,0,Full
848,0,3,2,0,0,Full
849,1,0,3,2,5,Full
850,0,3,2,0,0,Full
851,0,3,0,0,0,Full
852,0,3,1,0,0,Full
853,0,0,4,3,4,Full
854,1,0,1,5,1,Full
855,3,3,0,4,0,Full
856,0,0,0,0,0,Full
857,0,0,1,5,0,Full
858,5,0,3,5,1,Full
859,0,0,1,0,5,Full
860,5,3,5,3,3,Full
861,0,0,1,0,1,Full
862,3,3,2,3,0,Full
863,0,0,0,1,0,Full
864,1,0,0,2,0,Full
865,3,3,0,0,0,Full
866,0,0,1,0,0,Full
867,0,0,1,5,0,Full
868,3,3,1,5,0,Full
869,0,0,3,3,0,Full
870,0,0,1,0,0,Full
871,2,0,2,0,0,Full
872,3,0,0,5,5,Full
873,0,3,3,5,0,Full
874,3,0,0,0,1,Full
875,2,3,0,0,0,Full
876,5,0,5,0,0,Full
877,5,0,1,2,1,Full
878,2,3,0,5,0,Full
879,0,3,3,3,0,Full
880,4,4,3,2,0,Full
881,5,0,3,2,0,Full
882,3,3,0,5,0,Full
883,1,0,0,2,1,Full
884,3,3,0,1,0,Full
885,5,0,3,5,0,Full
886,3,3,3,0,5,Full
887,0,3,1,0,1,Full
888,2,0,0,1,0,Full
889,3,0,1,0,0,Full
890,1,0,1,0,0,Full
891,2,3,0,3,1,Full
892,2,0,1,3,0,Full
893,3,3,1,5,0,Full
894,5,3,1,0,0,Full
895,3,3,1,2,0,Full
896,0,0,1,5,0,Full
897,2,0,1,1,0,Full
898,1,3,0,2,1,Full
899,0,3,1,5,5,Full
900,2,0,2,0,0,Full
901,1,3,0,3,0,Full
902,1,3,1,1,1,Full
903,3,3,1,0,0,Full
904,1,0,0,5,0,Full
905,0,3,1,2,0,Full
906,0,0,3,3,0,Full
907,2,3,1,0,0,Full
908,2,3,0,0,0,Full
909,1,1,0,0,0,Full
910,2,3,0,0,5,Full
911,0,0,0,3,0,Full
912,2,0,0,5,0,Full
913,2,3,1,0,5,Full
914,2,3,0,2,0,Full
915,0,3,1,3,0,Full
916,3,3,1,0,5,Full
917,2,0,0,3,0,Full
918,2,3,3,0,1,Full
919,5,0,0,3,0,Full
920,1,3,1,5,1,Full
921,2,0,0,0,0,Full
922,0,3,1,0,0,Full
923,2,0,0,3,0,Full
924,0,0,1,0,0,Full
925,1,1,0,2,0,Full
926,0,0,3,0,0,Full
927,0,3,0,1,5,Full
928,5,3,0,0,0,Full
929,3,3,0,0,0,Full
930,1,3,0,2,0,Full
931,0,3,0,2,0,Full
932,0,0,1,5,0,Full
933,0,0,0,3,0,Full
934,3,3,3,1,0,Full
935,1,0,3,5,0,Full
936,2,0,1,3,0,Full
937,3,3,1,5,0,Full
938,5,0,0,0,1,Full
939,2,0,1,1,0,Full
940,3,3,3,2,0,Full
941,1,0,3,3,0,Full
942,5,0,0,3,1,Full
943,1,1,1,0,1,Full
944,0,0,0,0,1,Full
945,1,0,1,0,0,Full
946,0,0,3,0,0,Full
947,5,3,1,5,0,Full
948,5,3,1,5,0,Full
949,3,0,0,0,0,Full
950,1,3,2,1,0,Full
951,3,3,1,0,0,Full
952,3,3,0,1,0,Full
953,0,3,0,0,0,Full
954,0,0,1,1,3,Full
955,2,0,1,2,0,Full
956,0,0,0,0,1,Full
957,0,0,1,2,0,Full
958,2,0,0,1,1,Full
959,0,3,2,5,1,Full
960,0,3,3,0,0,Full
961,1,0,0,3,0,Full
962,1,3,1,0,0,Full
963,1,0,3,0,0,Full
964,5,3,1,1,1,Full
965,0,0,1,0,0,Full
966,1,0,3,1,1,Full
967,1,3,1,0,0,Full
968,2,0,1,5,0,Full
969,1,0,3,3,5,Full
970,5,0,1,0,0,Full
971,0,0,1,2,0,Full
972,3,3,0,0,0,Full
973,0,3,0,5,5,Full
974,5,3,0,0,5,Full
975,1,3,0,3,0,Full
976,2,0,0,0,1,Full
977,1,0,3,2,0,Full
978,1,0,0,5,0,Full
979,0,3,3,0,1,Full
980,0,3,1,0,0,Full
981,5,0,0,5,0,Full
982,3,0,5,0,0,Full
983,0,0,0,2,1,Full
984,1,0,0,0,0,Full
985,3,3,3,5,0,Full
986,2,0,2,3,0,Full
987,0,0,0,3,5,Full
988,0,3,0,0,0,Full
989,1,3,2,0,1,Full
990,3,3,1,0,0,Full
991,2,3,3,0,0,Full
992,3,3,1,2,1,Full
993,0,0,0,0,0,Full
994,5,3,3,1,0,Full
995,0,0,3,0,0,Full
996,0,3,1,0,0,Full
997,1,0,1,0,0,Full
998,2,3,0,2,5,Full
999,2,0,1,2,0,Full
1000,3,3,0,2,0,Full
1001,0,0,1,3,4,Full
1002,3,0,1,0,1,Full
1003,3,3,0,1,1,Full
1004,1,3,1,1,0,Full
1005,2,1,2,0,0,Full
1006,0,0,0,2,1,Full
1007,0,0,0,0,0,Full
1008,1,0,0,5,0,Full
1009,2,0,0,5,0,Full
1010,0,0,3,2,0,Full
1011,2,0,1,5,0,Full
1012,3,3,0,1,0,Full
1013,0,0,0,5,0,Full
1014,3,0,0,0,0,Full
1015,5,3,1,0,5,Full
1016,1,3,0,0,0,Full
1017,5,3,0,5,0,Full
1018,4,4,3,0,0,Full
1019,4,0,1,5,0,Full
1020,3,3,3,5,0,Full
1021,3,3,0,5,0,Full
1022,1,0,0,2,0,Full
1023,1,3,0,5,0,Full
1024,3,0,0,0,1,Full
1025,0,0,0,5,0,Full
1026,0,0,0,1,0,Full
1027,1,0,3,0,1,Full
1028,5,0,1,2,1,Full
1029,3,3,0,2,0,Full
1030,0,0,0,0,1,Full
1031,1,3,3,2,0,Full
1032,0,3,0,3,0,Full
1033,3,3,1,0,0,Full
1034,3,3,0,5,0,Full
1035,0,0,3,2,0,Full
1036,0,3,1,5,1,Full
1037,2,3,5,0,0,Full
1038,0,0,0,0,0,Full
1039,1,3,1,5,0,Full
1040,0,0,0,3,1,Full
1041,0,3,0,2,0,Full
1042,1,0,2,0,1,Full
1043,0,0,2,2,0,Full
1044,5,3,3,0,0,Full
1045,4,4,1,5,0,Full
1046,3,0,0,5,0,Full
1047,3,3,0,0,0,Full
1048,0,0,0,1,0,Full
1049,1,0,0,3,0,Full
1050,5,0,1,0,0,Full
1051,5,3,1,5,0,Full
1052,3,0,3,0,1,Full
1053,2,0,1,5,0,Full
1054,0,0,0,3,0,Full
1055,0,0,3,2,0,Full
1056,0,0,1,0,0,Full
1057,0,0,1,1,0,Full
1058,0,0,0,0,0,Full
1059,0,0,3,5,0,Full
1060,5,3,1,1,1,Full
1061,5,3,0,2,0,Full
1062,0,0,1,0,1,Full
1063,2,0,1,0,0,Full
1064,1,3,1,0,0,Full
1065,0,3,1,3,0,Full
1066,0,0,1,0,0,Full
1067,5,3,0,2,0,Full
1068,2,0,0,1,0,Full
1069,5,3,0,0,0,Full
1070,3,3,1,0,0,Full
1071,3,0,1,5,0,Full
1072,2,3,3,5,1,Full
1073,0,3,1,5,1,Full
1074,0,3,0,0,0,Full
1075,2,1,0,5,0,Full
1076,0,3,2,5,0,Full
1077,3,0,1,5,0,Full
1078,2,0,0,0,0,Full
1079,2,3,3,0,0,Full
1080,1,0,0,1,1,Full
1081,0,0,5,0,0,Full
1082,0,0,0,0,0,Full
1083,1,0,2,0,0,Full
1084,4,4,1,1,0,Full
1085,0,3,1,2,0,Full
1086,3,3,1,3,0,Full
1087,1,3,0,3,1,Full
1088,0,0,2,3,0,Full
1089,3,0,5,0,0,Full
1090,2,0,0,0,4,Full
1091,5,0,0,0,1,Full
1092,1,0,0,2,0,Full
1093,0,0,1,2,5,Full
1094,3,0,3,0,5,Full
1095,0,0,0,1,0,Full
1096,1,0,3,1,1,Full
1097,3,0,0,3,0,Full
1098,2,0,3,3,1,Full
1099,1,3,3,3,0,Full
1100,3,3,3,0,0,Full
1101,2,0,3,1,0,Full
1102,1,0,1,3,1,Full
1103,5,3,0,1,1,Full
1104,5,3,5,1,0,Full
1105,2,3,1,0,0,Full
1106,1,0,1,5,0,Full
1107,3,0,3,3,0,Full
1108,3,3,3,1,0,Full
1109,5,3,0,5,0,Full
1110,5,3,1,1,0,Full
1111,3,2,1,3,0,Full
1112,0,3,0,5,0,Full
1113,5,3,0,1,1,Full
1114,0,3,0,0,0,Full
1115,0,0,0,0,0,Full
1116,5,0,5,3,1,Full
1117,2,2,1,0,1,Full
1118,0,3,0,2,0,Full
1119,1,1,1,5,0,Full
1120,2,2,1,5,1,Full
1121,5,3,1,2,0,Full
1122,0,0,3,0,1,Full
1123,5,3,0,3,0,Full
1124,5,0,0,5,1,Full
1125,0,2,0,0,0,Full
1126,2,0,2,0,0,Full
1127,2,0,0,5,0,Full
1128,4,4,0,0,0,Full
1129,0,0,1,3,1,Full
1130,1,3,0,3,1,Full
1131,2,0,1,0,1,Full
1132,1,3,0,5,1,Full
1133,5,3,3,0,0,Full
1134,0,0,3,3,1,Full
1135,3,3,0,0,0,Full
1136,4,4,1,3,0,Full
1137,1,3,0,0,0,Full
1138,3,3,1,0,0,Full
1139,0,0,0,5,0,Full
1140,3,3,1,5,0,Full
1141,2,0,0,3,0,Full
1142,3,3,1,2,0,Full
1143,2,0,0,0,0,Full
1144,0,0,1,0,0,Full
1145,0,0,0,1,1,Full
1146,5,0,0,5,0,Full
1147,2,0,3,0,5,Full
1148,0,0,3,5,5,Full
1149,1,0,2,0,0,Full
1150,2,0,0,0,0,Full
1151,2,0,3,0,0,Full
1152,0,0,3,1,1,Full
1153,0,0,3,0,1,Full
1154,2,3,1,3,0,Full
1155,2,0,3,1,0,Full
1156,2,0,0,0,1,Full
1157,0,0,1,0,0,Full
1158,2,3,2,0,4,Full
1159,3,0,3,0,0,Full
1160,0,0,0,5,0,Full
1161,0,0,1,0,0,Full
1162,0,0,0,0,5,Full
1163,2,0,0,2,0,Full
1164,1,0,0,0,0,Full
1165,3,3,0,5,1,Full
1166,0,3,0,1,0,Full
1167,1,0,1,0,1,Full
1168,0,0,0,2,1,Full
1169,1,3,1,0,0,Full
1170,0,0,0,3,3,Full
1171,5,0,0,0,0,Full
1172,2,0,1,3,0,Full
1173,0,0,3,1,0,Full
1174,3,0,1,3,0,Full
1175,1,3,0,3,0,Full
1176,0,3,5,0,0,Full
1177,1,3,0,0,1,Full
1178,2,3,0,1,0,Full
1179,3,3,0,0,3,Full
1180,5,0,3,0,5,Full
1181,3,0,1,0,0,Full
1182,3,0,1,5,1,Full
1183,1,0,1,3,1,Full
1184,3,0,1,3,0,Full
1185,3,0,0,0,0,Full
1186,3,3,0,3,0,Full
1187,5,3,1,0,0,Full
1188,2,3,1,0,0,Full
1189,0,0,1,5,0,Full
1190,0,0,1,1,0,Full
1191,0,0,0,3,5,Full
1192,0,0,0,2,0,Full
1193,0,0,1,3,0,Full
1194,2,2,1,0,0,Full
1195,3,3,0,5,0,Full
1196,1,0,1,3,4,Full
1197,1,0,1,5,0,Full
1198,2,0,1,5,0,Full
1199,5,0,0,5,0,Full
1200,3,0,0,2,0,Full
1201,3,0,1,2,1,Full
1202,3,3,3,2,0,Full
1203,5,3,0,0,1,Full
1204,2,0,1,5,0,Full
1205,0,0,1,0,4,Full
1206,0,1,5,0,0,SynD
1207,3,1,3,0,0,SynD
1208,2,0,3,0,0,SynD
1209,5,5,0,1,0,SynD
1210,5,3,0,5,2,SynD
1211,1,1,0,0,1,SynD
1212,3,1,3,0,0,SynD
1213,4,4,5,0,0,SynD
1214,0,0,0,5,1,SynD
1215,3,1,3,5,0,SynD
1216,2,0,0,1,1,SynD
1217,1,3,0,0,0,SynD
1218,0,0,4,5,0,SynD
1219,5,3,0,0,0,SynD
1220,5,3,1,5,1,SynD
1221,2,0,0,5,0,SynD
1222,0,0,3,1,0,SynD
1223,3,3,0,1,1,SynD
1224,0,0,0,0,0,SynD
1225,2,0,0,0,0,SynD
1226,1,0,0,0,0,SynD
1227,2,0,4,0,0,SynD
1228,3,5,1,0,0,SynD
1229,1,0,0,0,3,SynD
1230,5,5,1,5,1,SynD
1231,1,0,1,0,2,SynD
1232,3,1,0,0,0,SynD
1233,3,0,1,0,0,SynD
1234,2,0,1,0,2,SynD
1235,5,0,4,1,0,SynD
1236,0,0,0,0,0,SynD
1237,3,1,0,5,0,SynD
1238,1,1,0,0,0,SynD
1239,5,5,3,0,0,SynD
1240,1,5,3,0,0,SynD
1241,2,0,0,0,0,SynD
1242,2,5,1,5,0,SynD
1243,0,5,0,0,3,SynD
1244,1,1,3,0,3,SynD
1245,0,1,0,5,2,SynD
1246,0,1,0,5,0,SynD
1247,3,3,3,0,0,SynD
1248,3,1,0,5,0,SynD
1249,0,0,5,5,3,SynD
1250,1,3,4,0,0,SynD
1251,5,5,0,0,0,SynD
1252,3,5,3,0,0,SynD
1253,1,1,0,0,3,SynD
1254,1,0,3,0,0,SynD
1255,3,5,3,0,0,SynD
1256,0,0,5,0,1,SynD
1257,0,0,0,0,0,SynD
1258,3,1,0,0,0,SynD
1259,0,0,1,3,3,SynD
1260,0,0,0,1,0,SynD
1261,5,5,5,0,0,SynD
1262,3,5,1,5,0,SynD
1263,1,5,3,0,0,SynD
1264,0,1,0,0,0,SynD
1265,1,0,3,0,0,SynD
1266,0,0,3,0,0,SynD
1267,0,0,0,1,0,SynD
1268,1,1,3,5,3,SynD
1269,1,0,3,0,2,SynD
1270,5,3,3,0,0,SynD
1271,0,0,0,0,0,SynD
1272,5,3,0,0,0,SynD
1273,2,0,0,1,3,SynD
1274,3,5,0,5,1,SynD
1275,0,0,0,0,0,SynD
1276,5,0,5,0,0,SynD
1277,0,0,5,0,0,SynD
1278,5,0,3,5,3,SynD
1279,3,5,3,3,3,SynD
1280,1,3,2,5,0,SynD
1281,5,3,1,0,0,SynD
1282,0,0,0,5,0,SynD
1283,5,5,0,0,0,SynD
1284,1,0,1,5,0,SynD
1285,0,0,0,0,1,SynD
1286,3,5,0,0,0,SynD
1287,1,0,1,1,1,SynD
1288,0,0,0,0,0,SynD
1289,5,3,0,0,0,SynD
1290,2,0,1,4,1,SynD
1291,3,5,0,0,0,SynD
1292,1,5,1,0,0,SynD
1293,3,5,0,0,0,SynD
1294,0,0,0,5,1,SynD
1295,2,0,3,0,1,SynD
1296,5,5,2,0,0,SynD
1297,3,1,1,0,0,SynD
1298,3,3,3,0,0,SynD
1299,0,0,0,0,0,SynD
1300,1,0,0,0,0,SynD
1301,1,1,0,5,0,SynD
1302,3,0,0,0,0,SynD
1303,0,0,0,0,0,SynD
1304,0,1,5,1,3,SynD
1305,5,1,0,0,0,SynD
1306,3,5,0,0,0,SynD
1307,5,5,2,0,0,SynD
1308,1,3,0,5,0,SynD
1309,0,0,3,0,0,SynD
1310,3,1,1,1,0,SynD
1311,3,0,3,0,0,SynD
1312,0,0,1,0,3,SynD
1313,2,0,3,0,0,SynD
1314,2,0,0,0,3,SynD
1315,5,1,0,0,2,SynD
1316,0,5,1,0,0,SynD
1317,3,2,0,5,3,SynD
1318,1,1,0,0,0,SynD
1319,1,0,3,3,0,SynD
1320,0,0,0,0,0,SynD
1321,0,0,0,5,0,SynD
1322,5,5,1,5,1,SynD
1323,0,1,0,0,0,SynD
1324,5,1,0,0,0,SynD
1325,0,0,2,0,0,SynD
1326,5,5,5,0,0,SynD
1327,0,0,0,0,0,SynD
1328,5,3,1,0,0,SynD
1329,0,5,1,1,0,SynD
1330,0,0,0,5,2,SynD
1331,5,0,0,0,0,SynD
1332,2,0,0,5,2,SynD
1333,2,0,0,0,1,SynD
1334,5,0,0,0,2,SynD
1335,5,1,0,5,0,SynD
1336,0,5,0,1,3,SynD
1337,0,0,3,0,5,SynD
1338,2,1,0,0,5,SynD
1339,0,1,5,0,1,SynD
1340,0,0,0,0,0,SynD
1341,3,0,1,0,0,SynD
1342,1,1,5,0,0,SynD
1343,1,0,0,5,0,SynD
1344,3,2,4,0,3,SynD
1345,5,3,5,0,4,SynD
1346,5,3,4,1,1,SynD
1347,3,1,0,0,0,SynD
1348,3,0,2,5,0,SynD
1349,1,5,1,0,1,SynD
1350,1,5,5,0,0,SynD
1351,1,0,3,1,0,SynD
1352,3,0,3,0,0,SynD
1353,0,0,0,3,0,SynD
1354,2,3,1,5,0,SynD
1355,0,5,5,0,0,SynD
1356,3,3,3,0,2,SynD
1357,0,1,3,0,0,SynD
1358,5,5,5,5,0,SynD
1359,1,5,5,0,0,SynD
1360,1,0,0,0,0,SynD
1361,5,5,0,0,2,SynD
1362,5,0,2,0,3,SynD
1363,1,1,0,1,0,SynD
1364,0,0,3,0,0,SynD
1365,0,0,0,3,3,SynD
1366,0,1,0,0,0,SynD
1367,3,5,0,0,2,SynD
1368,3,0,1,1,0,SynD
1369,3,1,1,0,0,SynD
1370,5,0,3,5,0,SynD
1371,1,1,4,0,0,SynD
1372,0,1,1,0,2,SynD
1373,2,5,1,5,0,SynD
1374,1,1,0,0,0,SynD
1375,0,0,3,5,0,SynD
1376,0,0,1,0,0,SynD
1377,2,5,2,1,1,SynD
1378,5,0,3,0,0,SynD
1379,3,0,0,4,0,SynD
1380,0,0,1,0,2,SynD
1381,1,1,1,3,3,SynD
1382,0,0,2,1,0,SynD
1383,0,5,0,0,4,SynD
1384,3,0,0,0,0,SynD
1385,0,0,0,0,3,SynD
1386,1,1,5,0,0,SynD
1387,2,5,5,0,0,SynD
1388,2,2,3,0,1,SynD
1389,2,0,1,0,1,SynD
1390,0,0,0,5,3,SynD
1391,5,5,4,5,0,SynD
1392,1,1,0,0,1,SynD
1393,5,5,0,0,0,SynD
1394,3,0,0,0,0,SynD
1395,0,1,1,0,3,SynD
1396,1,1,0,0,2,SynD
1397,1,1,3,0,2,SynD
1398,1,1,0,5,0,SynD
1399,0,0,5,0,0,SynD
1400,5,5,1,0,3,SynD
1401,0,0,3,5,3,SynD
1402,0,0,0,5,1,SynD
1403,0,1,0,3,0,SynD
1404,0,5,3,5,0,SynD
1405,1,0,1,0,2,SynD
1406,0,0,0,0,0,SynD
1407,5,5,1,1,2,SynD
1408,0,0,0,0,3,SynD
1409,3,3,3,0,0,SynD
1410,2,3,5,0,3,SynD
1411,5,0,3,1,2,SynD
1412,1,5,0,0,0,SynD
1413,5,5,1,0,1,SynD
1414,3,5,5,0,0,SynD
1415,0,0,5,3,3,SynD
1416,5,0,0,5,0,SynD
1417,0,0,0,0,0,SynD
1418,2,1,5,0,0,SynD
1419,5,5,0,0,0,SynD
1420,0,1,0,5,0,SynD
1421,0,0,3,0,0,SynD
1422,5,3,1,1,0,SynD
1423,5,5,1,5,0,SynD
1424,2,1,1,5,2,SynD
1425,3,1,0,5,0,SynD
1426,5,3,0,0,0,SynD
1427,0,0,4,0,0,SynD
1428,3,3,5,0,0,SynD
1429,0,0,5,0,0,SynD
1430,2,1,0,5,0,SynD
1431,5,1,0,5,0,SynD
1432,0,0,0,5,0,SynD
1433,0,0,0,1,1,SynD
1434,2,5,0,0,0,SynD
1435,5,0,3,0,0,SynD
1436,0,0,3,1,0,SynD
1437,2,0,0,1,0,SynD
1438,3,5,1,1,0,SynD
1439,1,3,5,0,0,SynD
1440,0,1,0,3,0,SynD
1441,0,5,0,1,0,SynD
1442,1,5,1,0,4,SynD
1443,0,0,2,0,0,SynD
1444,3,3,0,5,1,SynD
1445,1,3,5,0,3,SynD
1446,1,5,0,5,0,SynD
1447,1,5,2,0,3,SynD
1448,3,5,0,5,1,SynD
1449,3,5,0,0,5,SynD
1450,1,1,5,0,3,SynD
1451,0,1,1,0,1,SynD
1452,0,0,0,5,0,SynD
1453,1,5,0,5,3,SynD
1454,2,0,0,5,2,SynD
1455,0,0,1,0,3,SynD
1456,3,0,3,5,0,SynD
1457,1,0,1,0,0,SynD
1458,2,0,0,0,0,SynD
1459,3,0,1,0,0,SynD
1460,3,3,0,3,0,SynD
1461,1,5,1,0,0,SynD
1462,2,1,0,3,0,SynD
1463,1,0,0,5,0,SynD
1464,5,1,0,3,0,SynD
1465,5,5,2,0,0,SynD
1466,3,1,1,0,0,SynD
1467,5,0,0,0,3,SynD
1468,2,0,1,0,1,SynD
1469,5,0,0,0,0,SynD
1470,5,1,0,0,1,SynD
1471,0,0,0,0,5,SynD
1472,3,5,4,0,0,SynD
1473,3,5,5,5,3,SynD
1474,3,1,3,0,0,SynD
1475,0,0,1,0,2,SynD
1476,1,1,0,3,1,SynD
1477,2,5,3,1,3,SynD
1478,2,0,5,0,5,SynD
1479,0,0,3,1,3,SynD
1480,2,0,0,0,4,SynD
1481,2,0,3,4,0,SynD
1482,3,0,0,0,5,SynD
1483,3,1,0,0,3,SynD
1484,0,0,0,0,0,SynD
1485,0,0,0,0,0,SynD
1486,0,0,4,0,3,SynD
1487,2,5,1,0,0,SynD
1488,0,0,0,0,1,SynD
1489,0,1,0,5,1,SynD
1490,1,1,3,3,0,SynD
1491,1,0,3,0,3,SynD
1492,5,1,3,0,0,SynD
1493,1,0,3,0,0,SynD
1494,1,1,5,5,1,SynD
1495,3,5,3,0,0,SynD
1496,3,3,1,5,0,SynD
1497,3,1,0,5,0,SynD
1498,1,1,3,0,0,SynD
1499,5,5,1,0,0,SynD
1500,1,0,3,0,0,SynD
1501,0,0,5,1,3,SynD
1502,2,5,0,0,1,SynD
1503,0,0,1,5,2,SynD
1504,1,1,3,5,0,SynD
1505,0,0,1,5,1,SynD
1506,0,0,5,1,0,SynD
1507,2,0,3,5,1,SynD
1508,1,0,0,5,3,SynD
1509,5,0,4,1,3,SynD
1510,0,0,5,5,0,SynD
1511,0,0,3,5,0,SynD
1512,0,0,0,3,0,SynD
1513,0,0,1,0,3,SynD
1514,0,5,1,0,3,SynD
1515,0,5,0,3,1,SynD
1516,1,0,0,0,1,SynD
1517,3,0,5,3,0,SynD
1518,0,0,1,1,0,SynD
1519,2,1,3,0,0,SynD
1520,5,1,0,1,1,SynD
1521,5,0,1,0,0,SynD
1522,1,0,0,0,0,SynD
1523,3,0,3,0,0,SynD
1524,0,3,1,5,0,SynD
1525,2,0,1,0,3,SynD
1526,2,5,3,1,0,SynD
1527,0,0,5,0,0,SynD
1528,0,1,0,0,0,SynD
1529,3,1,1,0,0,SynD
1530,4,4,0,1,0,SynD
1531,2,5,5,0,0,SynD
1532,0,5,0,0,0,SynD
1533,1,0,0,5,0,SynD
1534,1,1,0,1,0,SynD
1535,0,0,0,5,2,SynD
1536,3,3,4,5,0,SynD
1537,3,3,1,1,1,SynD
1538,1,0,0,0,0,SynD
1539,1,0,1,5,3,SynD
1540,2,0,1,1,0,SynD
1541,2,1,0,5,0,SynD
1542,0,0,2,0,0,SynD
1543,1,1,1,5,0,SynD
1544,0,0,5,5,3,SynD
1545,0,0,0,5,3,SynD
1546,3,1,0,0,3,SynD
1547,0,0,0,1,0,SynD
1548,1,0,3,1,1,SynD
1549,0,5,3,1,0,SynD
1550,0,0,1,5,0,SynD
1551,5,1,0,0,0,SynD
1552,0,1,0,0,0,SynD
1553,3,5,0,0,0,SynD
1554,0,0,0,0,0,SynD
1555,0,0,0,0,0,SynD
1556,0,1,3,1,1,SynD
1557,1,0,0,0,0,SynD
1558,1,0,0,3,0,SynD
1559,2,0,1,3,0,SynD
1560,0,0,1,5,0,SynD
1561,2,0,5,5,0,SynD
1562,0,0,0,5,2,SynD
1563,5,5,1,0,0,SynD
1564,3,3,5,5,0,SynD
1565,0,0,3,0,0,SynD
1566,1,1,0,3,0,SynD
1567,5,0,0,0,4,SynD
1568,5,0,0,0,0,SynD
1569,1,1,0,0,1,SynD
1570,2,1,0,0,0,SynD
1571,2,0,0,3,0,SynD
1572,3,5,3,0,1,SynD
1573,0,0,3,3,1,SynD
1574,5,5,1,0,1,SynD
1575,5,0,1,1,0,SynD
1576,1,5,3,5,0,SynD
1577,2,0,1,5,5,SynD
1578,0,0,0,5,0,SynD
1579,1,0,0,0,0,SynD
1580,2,0,1,5,0,SynD
1581,3,5,0,5,1,SynD
1582,1,2,0,0,1,SynD
1583,1,1,3,0,3,SynD
1584,0,0,0,0,3,SynD
1585,0,0,1,5,1,SynD
1586,5,5,1,0,0,SynD
1587,4,4,3,0,0,SynD
1588,1,5,1,5,1,SynD
1589,5,1,3,3,4,SynD
1590,3,0,0,0,4,SynD
1591,0,0,0,5,0,SynD
1592,3,0,3,1,1,SynD
1593,2,0,3,0,3,SynD
1594,2,0,0,0,0,SynD
1595,3,0,0,0,0,SynD
1596,1,1,0,0,1,SynD
1597,0,0,0,3,1,SynD
1598,5,1,3,0,0,SynD
1599,1,3,1,0,1,SynD
1600,3,0,0,5,0,SynD
1601,3,0,0,0,5,SynD
1602,1,3,1,0,0,SynD
1603,1,5,1,0,0,SynD
1604,0,0,0,0,0,SynD
1605,0,1,1,1,2,SynD
1606,1,0,0,0,0,SynD
1607,3,0,0,1,0,SynD
1608,5,1,2,0,3,SynD
1609,3,1,4,1,2,SynD
1610,3,5,3,5,0,SynD
1611,3,1,5,0,1,SynD
1612,2,5,5,5,0,SynD
1613,3,0,1,5,0,SynD
1614,2,3,0,3,0,SynD
1615,3,5,0,5,3,SynD
1616,0,0,1,1,0,SynD
1617,2,1,0,0,3,SynD
1618,1,5,1,1,0,SynD
1619,3,5,1,0,0,SynD
1620,1,5,3,5,1,SynD
1621,2,0,0,5,0,SynD
1622,0,3,0,0,0,SynD
1623,2,5,0,0,0,SynD
1624,2,1,0,0,0,SynD
1625,0,0,3,3,0,SynD
1626,5,1,5,5,0,SynD
1627,2,0,0,0,0,SynD
1628,2,0,0,0,5,SynD
1629,1,0,0,0,1,SynD
1630,5,5,3,1,0,SynD
1631,5,5,0,0,0,SynD
1632,0,0,0,0,0,SynD
1633,1,1,0,0,0,SynD
1634,1,0,3,0,4,SynD
1635,2,3,1,0,0,SynD
1636,3,0,0,0,0,SynD
1637,0,5,0,5,5,SynD
1638,1,0,1,5,5,SynD
1639,4,4,0,0,1,SynD
1640,2,1,0,0,1,SynD
1641,2,0,3,3,0,SynD
1642,3,5,0,5,1,SynD
1643,0,1,3,0,0,SynD
1644,0,1,3,0,0,SynD
1645,0,0,3,0,0,SynD
1646,0,0,5,5,0,SynD
1647,3,0,0,0,0,SynD
1648,3,5,0,0,3,SynD
1649,0,1,3,5,0,SynD
1650,5,5,1,0,0,SynD
1651,3,5,1,5,3,SynD
1652,5,0,1,0,0,SynD
1653,1,0,1,0,1,SynD
1654,3,0,1,0,0,SynD
1655,0,1,3,0,5,SynD
1656,0,1,0,3,0,SynD
1657,3,5,2,3,0,SynD
1658,3,0,0,0,3,SynD
1659,3,1,5,0,3,SynD
1660,3,0,3,0,0,SynD
1661,5,3,5,0,2,SynD
1662,2,0,0,1,4,SynD
1663,3,3,0,3,0,SynD
1664,5,1,4,0,0,SynD
1665,1,2,0,5,0,SynD
1666,5,1,3,0,0,SynD
1667,2,5,0,0,0,SynD
1668,3,0,1,5,5,SynD
1669,0,0,3,0,1,SynD
1670,1,1,0,4,0,SynD
1671,5,1,0,0,0,SynD
1672,0,0,0,0,0,SynD
1673,0,0,0,1,0,SynD
1674,2,1,0,0,0,SynD
1675,0,0,0,5,2,SynD
1676,0,0,0,5,0,SynD
1677,3,5,1,3,0,SynD
1678,1,0,3,5,1,SynD
1679,2,1,3,0,0,SynD
1680,3,1,0,5,4,SynD
1681,1,0,0,5,1,SynD
1682,1,1,0,5,0,SynD
1683,3,0,3,4,2,SynD
1684,3,0,0,0,3,SynD
1685,1,0,5,5,0,SynD
1686,0,1,3,0,0,SynD
1687,1,5,1,0,0,SynD
1688,2,1,1,5,0,SynD
1689,2,1,0,0,1,SynD
1690,5,1,0,3,0,SynD
1691,1,5,0,5,0,SynD
1692,4,4,0,5,3,SynD
1693,0,0,2,0,1,SynD
1694,5,1,0,0,2,SynD
1695,0,0,1,0,1,SynD
1696,0,0,5,0,0,SynD
1697,2,1,0,1,2,SynD
1698,5,5,5,1,0,SynD
1699,3,5,0,0,3,SynD
1700,0,1,5,3,1,SynD
1701,2,1,1,0,5,SynD
1702,0,0,0,0,1,SynD
1703,1,5,1,0,1,SynD
1704,5,0,0,0,0,SynD
1705,2,0,0,0,0,SynD
1706,1,1,0,0,0,SynD
1707,0,0,1,5,0,SynD
1708,0,5,0,5,0,SynD
1709,1,0,3,0,1,SynD
1710,0,5,3,0,0,SynD
1711,5,5,0,1,3,SynD
1712,5,5,0,0,0,SynD
1713,0,1,0,5,0,SynD
1714,2,1,0,0,1,SynD
1715,3,0,0,0,0,SynD
1716,1,1,0,0,0,SynD
1717,3,1,0,0,1,SynD
1718,2,0,1,0,2,SynD
1719,1,0,4,0,0,SynD
1720,1,0,0,5,0,SynD
1721,5,5,3,0,0,SynD
1722,1,0,3,0,0,SynD
1723,1,5,1,3,0,SynD
1724,3,0,0,0,1,SynD
1725,1,3,1,3,0,SynD
1726,2,0,0,3,2,SynD
1727,5,1,3,5,1,SynD
1728,0,1,0,3,1,SynD
1729,1,0,0,0,0,SynD
1730,0,0,0,0,3,SynD
1731,5,5,1,5,0,SynD
1732,1,0,3,0,3,SynD
1733,3,0,5,0,2,SynD
1734,1,5,1,0,0,SynD
1735,5,3,1,0,0,SynD
1736,0,0,3,5,3,SynD
1737,5,5,0,0,2,SynD
1738,0,0,0,1,1,SynD
1739,4,4,0,0,0,SynD
1740,5,5,0,5,0,SynD
1741,2,1,0,0,3,SynD
1742,5,1,3,0,1,SynD
1743,2,5,0,1,0,SynD
1744,2,1,3,0,0,SynD
1745,3,1,0,0,0,SynD
1746,1,0,3,0,0,SynD
1747,2,1,3,0,0,SynD
1748,3,1,0,5,0,SynD
1749,2,1,0,0,1,SynD
1750,2,1,0,0,0,SynD
1751,2,0,0,1,0,SynD
1752,1,0,1,0,0,SynD
1753,5,1,0,0,0,SynD
1754,2,0,0,0,0,SynD
1755,5,5,5,5,0,SynD
1756,0,1,5,0,1,SynD
1757,1,0,1,5,0,SynD
1758,5,5,3,0,0,SynD
1759,2,5,5,0,3,SynD
1760,1,0,5,0,4,SynD
1761,1,5,1,0,1,SynD
1762,2,1,3,0,1,SynD
1763,4,4,1,0,0,SynD
1764,0,1,0,0,2,SynD
1765,2,5,0,5,3,SynD
1766,1,5,0,5,2,SynD
1767,1,0,5,0,1,SynD
1768,5,5,0,0,1,SynD
1769,1,1,0,1,1,SynD
1770,5,1,3,0,0,SynD
1771,2,0,1,0,1,SynD
1772,1,0,0,1,3,SynD
1773,3,1,3,0,0,SynD
1774,2,0,0,3,0,SynD
1775,5,0,0,0,1,SynD
1776,2,0,2,5,0,SynD
1777,0,0,5,0,0,SynD
1778,2,5,1,0,4,SynD
1779,0,3,5,3,0,SynD
1780,0,0,5,5,0,SynD
1781,2,1,0,0,0,SynD
1782,3,0,0,0,0,SynD
1783,0,0,5,0,3,SynD
1784,4,4,0,3,0,SynD
1785,0,0,1,1,0,SynD
1786,0,0,0,0,0,SynD
1787,3,0,3,1,0,SynD
1788,0,0,3,0,0,SynD
1789,1,0,4,4,0,SynD
1790,5,0,3,0,0,SynD
1791,0,1,0,1,3,SynD
1792,0,0,3,0,0,SynD
1793,0,5,5,0,0,SynD
1794,0,0,3,0,2,SynD
1795,5,1,0,3,1,SynD
1796,1,1,1,5,0,SynD
1797,4,4,2,0,2,SynD
1798,0,0,0,5,5,SynD
1799,1,5,5,0,0,SynD
1800,2,1,3,0,0,SynD
1801,0,5,1,5,1,SynD
1802,5,0,3,0,0,SynD
1803,1,0,0,0,3,SynD
1804,0,0,3,5,3,SynD
1805,0,0,2,0,0,SynD
1806,1,1,5,0,0,SynD
1807,1,5,3,0,0,SynD
1808,1,0,0,5,0,SynD
1809,3,0,1,0,0,SynD
1810,0,3,0,0,1,SynD
1811,2,1,0,0,0,SynD
1812,3,0,5,0,0,SynD
1813,0,0,0,5,2,SynD
1814,2,0,0,1,3,SynD
1815,1,5,2,0,1,SynD
1816,5,1,0,5,0,SynD
1817,2,1,1,0,0,SynD
1818,3,1,0,0,2,SynD
1819,2,0,0,1,3,SynD
1820,5,0,1,5,0,SynD
1821,2,5,1,0,0,SynD
1822,5,5,1,3,1,SynD
1823,0,0,0,5,3,SynD
1824,1,5,0,3,0,SynD
1825,2,0,1,3,0,SynD
1826,5,5,1,5,4,SynD
1827,2,1,0,5,0,SynD
1828,3,0,0,1,0,SynD
1829,1,5,0,0,0,SynD
1830,2,0,0,5,3,SynD
1831,3,1,0,1,1,SynD
1832,0,0,0,0,0,SynD
1833,2,1,0,0,3,SynD
1834,2,0,3,0,0,SynD
1835,2,0,0,0,1,SynD
1836,3,5,3,0,0,SynD
1837,5,5,2,0,4,SynD
1838,5,5,3,3,0,SynD
1839,1,5,0,5,3,SynD
1840,0,1,3,0,0,SynD
1841,1,0,0,5,1,SynD
1842,0,0,0,0,0,SynD
1843,0,0,3,3,1,SynD
1844,1,1,0,0,3,SynD
1845,3,3,0,0,1,SynD
1846,1,1,1,5,3,SynD
1847,5,1,0,0,3,SynD
1848,1,0,3,0,0,SynD
1849,3,1,1,0,0,SynD
1850,0,3,3,0,0,SynD
1851,0,0,0,1,0,SynD
1852,0,1,0,0,0,SynD
1853,2,5,5,0,0,SynD
1854,2,5,0,0,0,SynD
1855,2,0,0,0,0,SynD
1856,4,4,1,0,0,SynD
1857,0,0,0,1,0,SynD
1858,3,1,5,0,0,SynD
1859,0,0,0,0,2,SynD
1860,3,5,0,0,0,SynD
1861,1,1,0,0,0,SynD
1862,3,5,0,3,1,SynD
1863,0,0,1,0,0,SynD
1864,3,1,0,1,0,SynD
1865,5,1,3,3,0,SynD
1866,3,0,3,0,1,SynD
1867,0,1,1,3,0,SynD
1868,1,5,0,5,0,SynD
1869,2,0,3,4,1,SynD
1870,5,1,3,0,3,SynD
1871,0,1,0,5,0,SynD
1872,5,0,1,0,3,SynD
1873,5,3,0,5,0,SynD
1874,3,0,3,5,0,SynD
1875,0,0,0,5,0,SynD
1876,5,1,0,1,0,SynD
1877,2,5,0,0,0,SynD
1878,1,0,1,0,3,SynD
1879,0,0,0,0,1,SynD
1880,0,5,1,0,3,SynD
1881,0,1,1,3,3,SynD
1882,0,0,0,0,0,SynD
1883,0,0,3,0,3,SynD
1884,1,5,0,0,0,SynD
1885,1,0,0,0,3,SynD
1886,5,0,1,1,1,SynD
1887,3,1,0,5,0,SynD
1888,0,0,0,1,0,SynD
1889,1,0,0,5,0,SynD
1890,5,0,1,5,0,SynD
1891,1,5,0,0,0,SynD
1892,2,1,0,0,0,SynD
1893,0,1,1,5,0,SynD
1894,3,1,3,0,0,SynD
1895,4,4,0,5,3,SynD
1896,1,0,3,3,0,SynD
1897,2,0,0,0,2,SynD
1898,1,0,3,3,3,SynD
1899,1,1,1,5,0,SynD
1900,5,3,0,0,1,SynD
1901,0,0,0,0,2,SynD
1902,3,3,3,3,0,SynD
1903,0,0,0,0,4,SynD
1904,1,1,3,0,0,SynD
1905,5,3,5,3,0,SynD
1906,0,5,5,1,0,SynD
1907,5,0,1,0,5,SynD
1908,2,0,1,5,0,SynD
1909,1,1,5,5,3,SynD
1910,1,0,0,0,1,SynD
1911,3,5,0,5,0,SynD
1912,0,5,0,1,0,SynD
1913,0,1,2,3,0,SynD
1914,2,0,0,5,1,SynD
1915,0,5,1,0,0,SynD
1916,2,0,3,5,0,SynD
1917,1,1,3,0,0,SynD
1918,4,4,5,0,0,SynD
1919,0,0,0,0,0,SynD
1920,2,1,3,0,3,SynD
1921,5,3,0,0,3,SynD
1922,3,0,3,1,0,SynD
1923,0,0,0,0,3,SynD
1924,1,0,5,3,0,SynD
1925,1,3,0,5,0,SynD
1926,0,5,1,1,0,SynD
1927,2,1,1,0,0,SynD
1928,3,5,1,0,0,SynD
1929,1,5,0,5,0,SynD
1930,3,0,0,0,0,SynD
1931,0,0,0,0,1,SynD
1932,1,3,0,0,1,SynD
1933,0,0,1,3,0,SynD
1934,1,3,0,5,0,SynD
1935,1,1,0,1,0,SynD
1936,2,1,0,0,5,SynD
1937,3,3,5,0,0,SynD
1938,2,1,3,0,4,SynD
1939,3,5,0,0,1,SynD
1940,0,0,0,0,3,SynD
1941,3,0,0,0,0,SynD
1942,3,5,1,5,2,SynD
1943,2,0,4,5,0,SynD
1944,3,0,0,0,0,SynD
1945,5,1,0,1,0,SynD
1946,0,0,0,0,0,SynD
1947,0,0,3,3,0,SynD
1948,0,0,0,1,2,SynD
1949,3,5,0,3,0,SynD
1950,3,0,3,0,0,SynD
1951,5,0,0,0,0,SynD
1952,0,0,1,0,0,SynD
1953,0,5,0,0,2,SynD
1954,1,1,0,0,0,SynD
1955,2,5,0,0,0,SynD
1956,0,0,3,0,0,SynD
1957,3,5,5,0,0,SynD
1958,3,5,1,0,0,SynD
1959,3,5,3,0,0,SynD
1960,1,0,2,0,1,SynD
1961,2,0,0,0,0,SynD
1962,5,0,0,0,0,SynD
1963,1,1,0,0,1,SynD
1964,5,5,1,0,1,SynD
1965,2,5,0,0,0,SynD
1966,5,1,0,5,1,SynD
1967,3,1,0,3,0,SynD
1968,1,1,0,3,0,SynD
1969,2,0,1,0,1,SynD
1970,0,0,0,1,0,SynD
1971,3,3,0,1,4,SynD
1972,0,0,1,0,0,SynD
1973,1,0,5,1,0,SynD
1974,3,1,0,0,0,SynD
1975,0,0,3,3,1,SynD
1976,4,4,0,5,1,SynD
1977,1,0,3,5,0,SynD
1978,1,0,3,5,0,SynD
1979,1,3,1,5,3,SynD
1980,0,1,3,3,3,SynD
1981,2,1,0,1,3,SynD
1982,3,1,1,0,1,SynD
1983,2,1,3,0,0,SynD
1984,1,1,0,5,0,SynD
1985,2,0,3,0,1,SynD
1986,3,5,1,0,1,SynD
1987,5,1,0,1,0,SynD
1988,3,0,0,0,1,SynD
1989,0,3,4,5,3,SynD
1990,5,5,2,0,0,SynD
1991,5,1,0,3,1,SynD
1992,3,5,3,1,0,SynD
1993,2,0,0,0,0,SynD
1994,3,5,3,1,0,SynD
1995,1,0,5,5,1,SynD
1996,0,0,0,3,0,SynD
1997,0,0,2,5,3,SynD
1998,2,5,3,0,1,SynD
1999,5,1,1,0,1,SynD
2000,2,2,1,0,0,SynD
2001,3,3,0,0,0,SynD
2002,3,0,0,3,0,SynD
2003,2,0,0,0,3,SynD
2004,0,0,1,1,0,SynD
2005,0,0,0,0,0,SynD
2006,2,0,0,1,0,SynD
2007,2,1,0,0,0,SynD
2008,0,0,0,1,0,SynD
2009,1,5,0,1,1,SynD
2010,0,0,0,3,0,SynD
2011,3,5,0,0,1,SynD
2012,0,0,0,5,0,SynD
2013,0,0,3,0,3,SynD
2014,3,0,0,1,3,SynD
2015,1,1,0,0,3,SynD
2016,2,0,5,5,0,SynD
2017,5,0,1,3,4,SynD
2018,0,0,0,0,0,SynD
2019,5,5,0,0,1,SynD
2020,3,0,0,0,0,SynD
2021,1,1,0,5,3,SynD
2022,2,2,3,5,3,SynD
2023,2,0,3,5,1,SynD
2024,0,1,0,0,0,SynD
2025,2,0,3,0,0,SynD
2026,0,1,0,0,0,SynD
2027,1,0,0,0,0,SynD
2028,5,5,0,0,0,SynD
2029,0,5,0,5,0,SynD
2030,0,0,0,5,2,SynD
2031,3,1,3,0,0,SynD
2032,0,1,3,0,1,SynD
2033,2,1,2,0,2,SynD
2034,2,2,0,3,0,SynD
2035,0,0,0,3,0,SynD
2036,5,5,1,0,2,SynD
2037,3,3,1,5,0,SynD
2038,0,0,0,5,0,SynD
2039,0,0,0,0,1,SynD
2040,0,0,0,0,2,SynD
2041,3,0,1,0,0,SynD
2042,0,0,0,3,0,SynD
2043,1,0,2,0,3,SynD
2044,2,0,0,0,0,SynD
2045,3,1,5,0,0,SynD
2046,1,0,0,0,0,SynD
2047,0,5,0,0,0,SynD
2048,0,0,0,5,0,SynD
2049,5,0,1,5,0,SynD
2050,2,0,0,0,0,SynD
2051,1,0,0,0,3,SynD
2052,5,5,1,0,0,SynD
2053,2,5,5,0,0,SynD
2054,2,0,0,1,0,SynD
2055,2,1,0,0,4,SynD
2056,0,0,0,0,1,SynD
2057,0,0,0,5,1,SynD
2058,0,1,3,5,0,SynD
2059,0,0,0,1,1,SynD
2060,0,5,0,5,0,SynD
2061,1,5,3,1,0,SynD
2062,3,5,0,5,3,SynD
2063,3,0,1,3,1,SynD
2064,0,0,0,5,3,SynD
2065,1,5,1,0,1,SynD
2066,0,0,0,0,2,SynD
2067,0,0,3,0,0,SynD
2068,5,3,0,0,0,SynD
2069,0,1,0,0,5,SynD
2070,3,1,1,0,1,SynD
2071,5,1,3,5,0,SynD
2072,3,0,3,5,0,SynD
2073,3,1,3,0,0,SynD
2074,5,0,0,1,0,SynD
2075,2,0,0,0,1,SynD
2076,1,0,0,5,0,SynD
2077,1,1,1,5,1,SynD
2078,0,5,0,0,0,SynD
2079,5,0,1,0,0,SynD
2080,0,0,0,0,0,SynD
2081,3,1,1,0,0,SynD
2082,1,5,5,1,0,SynD
2083,5,1,0,0,0,SynD
2084,0,0,0,0,0,SynD
2085,1,5,0,1,0,SynD
2086,0,0,1,0,0,SynD
2087,3,5,0,5,0,SynD
2088,0,0,0,0,0,SynD
2089,0,1,0,5,4,SynD
2090,0,0,0,5,0,SynD
2091,5,5,5,3,2,SynD
2092,4,4,2,0,0,SynD
2093,3,0,0,0,0,SynD
2094,4,4,0,0,0,SynD
2095,0,0,3,0,0,SynD
2096,0,1,0,0,0,SynD
2097,0,0,0,5,0,SynD
2098,5,5,0,0,4,SynD
2099,3,3,0,0,3,SynD
2100,1,3,5,0,0,SynD
2101,1,0,0,0,0,SynD
2102,3,1,0,0,0,SynD
2103,5,5,0,5,0,SynD
2104,5,0,0,5,0,SynD
2105,2,1,0,0,0,SynD
2106,3,0,0,5,1,SynD
2107,0,0,2,0,1,SynD
2108,3,3,1,0,2,SynD
2109,1,5,4,5,0,SynD
2110,0,0,1,1,5,SynD
2111,1,1,0,5,2,SynD
2112,5,5,0,1,3,SynD
2113,1,1,1,5,0,SynD
2114,3,1,5,0,0,SynD
2115,0,1,0,0,4,SynD
2116,0,0,1,0,0,SynD
2117,5,0,3,1,0,SynD
2118,1,5,1,5,0,SynD
2119,3,1,0,0,1,SynD
2120,1,0,0,1,0,SynD
2121,3,1,1,0,0,SynD
2122,0,0,5,0,0,SynD
2123,2,0,3,1,0,SynD
2124,3,0,0,0,0,SynD
2125,2,3,0,0,0,SynD
2126,2,0,3,0,0,SynD
2127,3,1,0,1,1,SynD
2128,1,0,0,5,2,SynD
2129,0,0,0,0,3,SynD
2130,5,0,1,1,1,SynD
2131,0,0,3,0,0,SynD
2132,5,1,0,5,3,SynD
2133,3,0,5,0,0,SynD
2134,2,1,0,1,3,SynD
2135,0,0,1,1,0,SynD
2136,2,0,1,0,0,SynD
2137,0,0,1,0,2,SynD
2138,5,0,0,5,3,SynD
2139,0,0,1,3,0,SynD
2140,3,0,0,0,5,SynD
2141,1,0,1,0,3,SynD
2142,5,1,1,0,0,SynD
2143,5,5,3,0,0,SynD
2144,1,1,0,0,2,SynD
2145,1,1,2,0,2,SynD
2146,0,1,5,5,1,SynD
2147,4,4,5,3,0,SynD
2148,5,5,1,3,0,SynD
2149,3,5,3,0,1,SynD
2150,0,0,3,0,0,SynD
2151,3,1,0,1,0,SynD
2152,5,5,0,0,0,SynD
2153,2,0,0,1,1,SynD
2154,5,0,0,0,0,SynD
2155,3,0,0,0,0,SynD
2156,2,0,2,0,0,SynD
2157,3,5,1,0,0,SynD
2158,0,0,1,3,1,SynD
2159,0,0,3,0,1,SynD
2160,1,0,0,0,0,SynD
2161,0,0,3,5,0,SynD
2162,0,3,5,3,0,SynD
2163,0,5,0,0,0,SynD
2164,5,0,1,5,1,SynD
2165,5,0,3,0,0,SynD
2166,3,3,3,5,1,SynD
2167,2,0,0,5,3,SynD
2168,5,1,1,0,0,SynD
2169,0,0,0,0,1,SynD
2170,1,5,0,0,1,SynD
2171,2,0,1,1,1,SynD
2172,2,0,0,0,3,SynD
2173,3,3,0,0,3,SynD
2174,3,3,0,5,0,SynD
2175,1,3,0,0,4,SynD
2176,3,3,2,5,2,SynD
2177,1,0,3,5,0,SynD
2178,3,1,1,0,5,SynD
2179,1,5,3,0,0,SynD
2180,0,0,0,0,0,SynD
2181,3,1,0,0,0,SynD
2182,3,3,0,5,0,SynD
2183,1,1,0,0,1,SynD
2184,0,0,0,0,0,SynD
2185,2,5,5,0,0,SynD
2186,3,0,5,0,0,SynD
2187,1,1,0,5,0,SynD
2188,0,1,3,5,0,SynD
2189,4,4,3,5,2,SynD
2190,0,1,3,0,5,SynD
2191,1,0,0,0,1,SynD
2192,3,1,0,5,0,SynD
2193,1,1,0,1,1,SynD
2194,1,1,3,5,0,SynD
2195,3,5,3,0,0,SynD
2196,0,1,3,0,4,SynD
2197,2,0,3,1,0,SynD
2198,3,5,3,0,3,SynD
2199,2,1,0,0,0,SynD
2200,4,0,1,0,0,SynD
2201,1,1,0,5,0,SynD
2202,1,3,3,1,0,SynD
2203,2,1,0,0,0,SynD
2204,1,5,3,0,0,SynD
2205,0,0,1,0,0,SynD
2206,1,0,1,0,2,SynD
2207,0,5,0,5,0,SynD
2208,0,1,0,3,4,SynD
2209,1,5,0,4,0,SynD
2210,1,3,0,0,0,SynD
2211,2,0,0,3,0,SynD
2212,2,5,4,1,4,SynD
2213,0,0,1,1,0,SynD
2214,1,1,0,0,1,SynD
2215,0,0,0,1,0,SynD
2216,5,5,1,1,0,SynD
2217,0,5,3,1,1,SynD
2218,5,5,1,0,3,SynD
2219,1,0,5,0,0,SynD
2220,5,5,3,0,3,SynD
2221,2,1,3,5,3,SynD
2222,3,1,3,0,3,SynD
2223,5,0,0,3,2,SynD
2224,0,5,0,3,0,SynD
2225,5,0,0,5,0,SynD
2226,0,0,3,1,0,SynD
2227,3,3,3,0,0,SynD
2228,1,0,0,1,0,SynD
2229,2,1,0,0,0,SynD
2230,0,0,4,0,3,SynD
2231,1,0,0,5,3,SynD
2232,3,5,0,0,0,SynD
2233,5,5,1,0,0,SynD
2234,3,1,0,5,0,SynD
2235,1,5,0,1,3,SynD
2236,3,1,0,1,0,SynD
2237,0,0,0,5,0,SynD
2238,0,0,0,5,0,SynD
2239,5,0,1,0,1,SynD
2240,0,0,0,0,1,SynD
2241,0,0,5,0,0,SynD
2242,5,1,3,1,0,SynD
2243,1,5,0,0,0,SynD
2244,5,3,3,3,0,SynD
2245,0,0,0,0,1,SynD
2246,1,5,3,0,3,SynD
2247,3,5,0,0,1,SynD
2248,2,1,5,0,0,SynD
2249,3,5,1,0,0,SynD
2250,3,1,2,0,4,SynD
2251,0,0,0,0,0,SynD
2252,1,0,0,0,0,SynD
2253,4,4,0,5,0,SynD
2254,5,0,4,5,1,SynD
2255,1,5,0,0,3,SynD
2256,3,1,3,3,3,SynD
2257,2,1,1,5,0,SynD
2258,5,0,0,0,0,SynD
2259,0,5,1,1,0,SynD
2260,3,5,3,1,0,SynD
2261,5,5,5,0,1,SynD
2262,5,0,0,0,3,SynD
2263,1,5,0,0,2,SynD
2264,2,1,1,3,3,SynD
2265,3,5,0,1,0,SynD
2266,3,3,5,0,0,SynD
2267,2,0,3,5,2,SynD
2268,5,0,0,0,3,SynD
2269,4,4,1,1,1,SynD
2270,0,0,3,5,0,SynD
2271,4,4,1,3,2,SynD
2272,0,0,5,0,2,SynD
2273,5,0,3,0,0,SynD
2274,1,0,0,5,2,SynD
2275,0,0,0,1,1,SynD
2276,3,3,2,1,0,SynD
2277,3,0,3,3,0,SynD
2278,5,5,5,0,2,SynD
2279,1,0,0,0,0,SynD
2280,3,2,1,0,3,SynD
2281,3,0,0,0,0,SynD
2282,2,0,0,0,0,SynD
2283,0,0,3,3,0,SynD
2284,0,1,0,5,0,SynD
2285,3,5,1,0,1,SynD
2286,0,0,3,0,0,SynD
2287,2,5,0,0,2,SynD
2288,2,0,0,0,1,SynD
2289,1,1,0,1,0,SynD
2290,1,0,5,0,3,SynD
2291,0,5,3,0,0,SynD
2292,5,3,3,0,3,SynD
2293,2,0,0,0,0,SynD
2294,0,0,0,3,1,SynD
2295,2,1,0,5,0,SynD
2296,1,0,1,0,0,SynD
2297,3,1,1,0,0,SynD
2298,1,1,1,0,1,SynD
2299,3,0,2,3,3,SynD
2300,5,5,0,0,3,SynD
2301,5,5,0,1,0,SynD
2302,1,0,1,1,0,SynD
2303,4,4,3,0,0,SynD
2304,2,0,2,5,1,SynD
2305,0,1,3,0,0,SynD
2306,0,5,5,0,3,SynD
2307,3,0,5,0,0,SynD
2308,0,5,1,5,0,SynD
2309,2,0,0,0,0,SynD
2310,2,0,0,0,1,SynD
2311,0,1,0,1,3,SynD
2312,0,5,0,1,0,SynD
2313,5,0,2,0,1,SynD
2314,5,1,0,0,2,SynD
2315,2,5,0,3,0,SynD
2316,2,0,0,1,3,SynD
2317,1,5,1,3,2,SynD
2318,0,0,0,3,0,SynD
2319,0,1,4,5,1,SynD
2320,5,0,0,0,0,SynD
2321,0,0,0,0,3,SynD
2322,3,0,0,0,3,SynD
2323,5,1,1,0,0,SynD
2324,2,1,1,5,3,SynD
2325,1,0,3,0,0,SynD
2326,1,0,0,5,1,SynD
2327,0,0,0,0,0,SynD
2328,0,1,3,0,0,SynD
2329,0,5,1,0,0,SynD
2330,2,0,3,5,0,SynD
2331,2,0,1,0,0,SynD
2332,1,0,0,5,0,SynD
2333,5,5,1,0,0,SynD
2334,5,5,1,0,0,SynD
2335,0,0,5,0,0,SynD
2336,4,4,1,0,0,SynD
2337,3,1,0,0,0,SynD
2338,4,4,0,0,1,SynD
2339,5,1,0,0,0,SynD
2340,3,1,0,0,0,SynD
2341,5,3,5,5,0,SynD
2342,1,1,0,0,4,SynD
2343,5,0,0,0,0,SynD
2344,3,5,3,0,3,SynD
2345,0,1,0,4,0,SynD
2346,3,0,0,1,1,SynD
2347,3,0,0,0,0,SynD
2348,2,0,0,5,0,SynD
2349,1,1,0,5,3,SynD
2350,5,0,0,0,3,SynD
2351,0,0,0,0,1,SynD
2352,0,1,3,3,0,SynD
2353,5,1,0,1,0,SynD
2354,3,5,0,0,0,SynD
2355,0,0,0,1,0,SynD
2356,3,5,3,5,3,SynD
2357,1,0,0,0,0,SynD
2358,2,0,0,0,0,SynD
2359,0,0,0,0,1,SynD
2360,2,0,0,0,0,SynD
2361,0,0,1,0,0,SynD
2362,2,0,1,0,1,SynD
2363,0,3,0,0,1,SynD
2364,0,3,3,0,0,SynD
2365,5,5,0,3,0,SynD
2366,3,5,1,0,0,SynD
2367,2,1,0,0,0,SynD
2368,1,0,5,5,1,SynD
2369,4,4,3,1,0,SynD
2370,0,0,0,5,0,SynD
2371,2,0,0,3,0,SynD
2372,2,5,0,3,0,SynD
2373,1,5,5,0,0,SynD
2374,0,0,0,5,0,SynD
2375,4,4,5,0,1,SynD
2376,3,5,0,0,5,SynD
2377,3,3,3,1,0,SynD
2378,3,0,3,0,0,SynD
2379,1,0,3,0,4,SynD
2380,2,1,1,0,1,SynD
2381,0,5,0,0,0,SynD
2382,2,5,3,0,0,SynD
2383,3,1,0,5,0,SynD
2384,5,5,3,0,4,SynD
2385,0,5,0,0,0,SynD
2386,3,1,3,5,0,SynD
2387,2,0,3,0,0,SynD
2388,2,1,5,5,1,SynD
2389,2,0,3,5,0,SynD
2390,3,1,1,5,1,SynD
2391,5,5,1,0,0,SynD
2392,2,0,0,0,0,SynD
2393,3,0,3,0,0,SynD
2394,1,0,5,1,2,SynD
2395,5,3,5,1,0,SynD
2396,3,0,3,0,0,SynD
2397,2,0,1,5,2,SynD
2398,3,3,2,1,3,SynD
2399,2,1,0,0,0,SynD
2400,0,5,0,0,2,SynD
2401,3,5,0,0,2,SynD
2402,5,5,5,0,0,SynD
2403,1,5,0,0,0,SynD
2404,3,5,3,3,0,SynD
2405,0,3,0,3,3,SynD
2406,3,0,1,0,0,SynD
2407,1,5,0,0,0,SynD
2408,0,3,0,0,1,SynD
2409,5,0,0,1,2,SynD
2410,1,0,0,0,0,SynD
2411,1,5,1,0,0,AsyD1
2412,0,0,5,5,2,AsyD1
2413,2,0,0,5,3,AsyD1
2414,0,5,3,0,0,AsyD1
2415,0,0,3,5,0,AsyD1
2416,1,0,0,0,0,AsyD1
2417,1,3,0,0,0,AsyD1
2418,2,0,1,3,0,AsyD1
2419,1,5,1,0,0,AsyD1
2420,3,3,0,5,0,AsyD1
2421,5,3,0,0,0,AsyD1
2422,5,5,0,0,0,AsyD1
2423,5,0,0,0,0,AsyD1
2424,3,5,0,4,0,AsyD1
2425,3,0,0,0,0,AsyD1
2426,0,1,0,0,3,AsyD1
2427,2,5,0,0,0,AsyD1
2428,3,0,3,0,0,AsyD1
2429,5,0,0,5,0,AsyD1
2430,0,0,0,0,2,AsyD1
2431,1,0,5,5,0,AsyD1
2432,5,5,0,0,4,AsyD1
2433,0,0,0,0,0,AsyD1
2434,3,0,5,0,0,AsyD1
2435,2,0,1,0,1,AsyD1
2436,2,1,1,0,0,AsyD1
2437,0,0,0,0,0,AsyD1
2438,0,0,2,1,0,AsyD1
2439,2,0,0,5,0,AsyD1
2440,1,0,0,0,0,AsyD1
2441,5,3,0,0,1,AsyD1
2442,3,0,1,3,0,AsyD1
2443,0,5,0,0,0,AsyD1
2444,2,0,1,0,1,AsyD1
2445,5,5,5,0,0,AsyD1
2446,3,0,0,0,0,AsyD1
2447,3,0,3,0,0,AsyD1
2448,0,0,0,5,3,AsyD1
2449,5,1,0,5,0,AsyD1
2450,3,1,0,5,0,AsyD1
2451,3,3,0,0,0,AsyD1
2452,3,1,0,5,0,AsyD1
2453,0,0,3,0,0,AsyD1
2454,0,0,1,0,0,AsyD1
2455,2,0,0,1,0,AsyD1
2456,2,5,0,0,0,AsyD1
2457,5,0,3,5,2,AsyD1
2458,1,0,1,0,3,AsyD1
2459,5,1,3,3,0,AsyD1
2460,0,0,0,0,0,AsyD1
2461,0,0,1,5,0,AsyD1
2462,5,5,0,0,0,AsyD1
2463,2,0,0,0,2,AsyD1
2464,1,5,0,0,0,AsyD1
2465,1,1,3,0,3,AsyD1
2466,0,0,1,5,3,AsyD1
2467,5,0,0,0,0,AsyD1
2468,2,0,1,0,0,AsyD1
2469,1,1,1,3,0,AsyD1
2470,0,0,1,5,0,AsyD1
2471,0,0,0,0,0,AsyD1
2472,3,1,1,5,0,AsyD1
2473,0,0,0,0,0,AsyD1
2474,2,1,0,5,0,AsyD1
2475,2,0,1,0,0,AsyD1
2476,1,3,0,0,0,AsyD1
2477,2,1,0,0,0,AsyD1
2478,0,0,0,5,4,AsyD1
2479,0,0,0,0,3,AsyD1
2480,2,0,0,0,0,AsyD1
2481,1,0,1,0,0,AsyD1
2482,2,5,0,5,1,AsyD1
2483,3,1,0,5,0,AsyD1
2484,1,1,3,5,1,AsyD1
2485,5,5,0,0,0,AsyD1
2486,1,1,0,5,0,AsyD1
2487,0,0,1,5,3,AsyD1
2488,3,5,3,0,1,AsyD1
2489,1,0,0,5,0,AsyD1
2490,2,1,0,5,1,AsyD1
2491,5,0,0,0,4,AsyD1
2492,2,5,1,0,0,AsyD1
2493,0,1,1,0,4,AsyD1
2494,0,0,3,0,0,AsyD1
2495,2,0,5,5,0,AsyD1
2496,5,0,0,0,0,AsyD1
2497,2,0,0,3,0,AsyD1
2498,0,0,1,0,0,AsyD1
2499,0,0,3,0,0,AsyD1
2500,5,0,0,0,0,AsyD1
2501,1,5,5,5,0,AsyD1
2502,1,0,1,5,0,AsyD1
2503,5,3,4,0,1,AsyD1
2504,1,0,4,5,0,AsyD1
2505,2,0,0,5,0,AsyD1
2506,0,1,5,0,0,AsyD1
2507,2,0,0,0,0,AsyD1
2508,0,0,3,5,0,AsyD1
2509,3,5,5,5,0,AsyD1
2510,1,0,0,3,0,AsyD1
2511,0,0,0,5,0,AsyD1
2512,0,0,5,5,0,AsyD1
2513,0,0,0,0,0,AsyD1
2514,1,1,0,5,0,AsyD1
2515,2,0,0,0,0,AsyD1
2516,0,0,0,0,0,AsyD1
2517,1,3,3,5,0,AsyD1
2518,3,5,1,0,2,AsyD1
2519,0,0,5,0,2,AsyD1
2520,0,5,0,0,0,AsyD1
2521,1,5,0,0,2,AsyD1
2522,1,0,0,0,0,AsyD1
2523,2,0,0,0,0,AsyD1
2524,1,1,3,0,0,AsyD1
2525,0,0,5,0,0,AsyD1
2526,3,0,0,0,0,AsyD1
2527,3,1,3,0,0,AsyD1
2528,2,5,2,1,2,AsyD1
2529,1,0,3,0,0,AsyD1
2530,0,0,0,0,0,AsyD1
2531,2,0,1,0,2,AsyD1
2532,0,5,3,0,0,AsyD1
2533,1,1,5,0,0,AsyD1
2534,0,0,0,5,0,AsyD1
2535,0,0,0,5,3,AsyD1
2536,2,0,0,0,0,AsyD1
2537,0,0,0,5,3,AsyD1
2538,3,1,2,0,0,AsyD1
2539,0,0,0,0,0,AsyD1
2540,0,1,0,5,0,AsyD1
2541,2,0,5,5,0,AsyD1
2542,1,0,0,5,0,AsyD1
2543,0,0,1,5,0,AsyD1
2544,5,3,1,3,0,AsyD1
2545,1,0,0,0,0,AsyD1
2546,1,5,0,5,0,AsyD1
2547,3,3,0,0,0,AsyD1
2548,4,4,0,0,0,AsyD1
2549,0,0,0,0,0,AsyD1
2550,3,0,0,5,0,AsyD1
2551,3,5,0,5,0,AsyD1
2552,2,0,0,5,0,AsyD1
2553,3,0,0,0,2,AsyD1
2554,5,0,3,3,0,AsyD1
2555,2,5,0,0,0,AsyD1
2556,0,5,0,0,0,AsyD1
2557,0,0,0,0,0,AsyD1
2558,5,0,3,0,0,AsyD1
2559,0,0,0,0,0,AsyD1
2560,0,0,0,0,0,AsyD1
2561,0,0,3,3,0,AsyD1
2562,3,5,0,5,5,AsyD1
2563,1,5,1,0,3,AsyD1
2564,5,0,0,5,0,AsyD1
2565,0,0,1,0,0,AsyD1
2566,3,2,0,0,0,AsyD1
2567,5,0,3,0,2,AsyD1
2568,0,0,3,0,0,AsyD1
2569,5,1,3,0,0,AsyD1
2570,0,0,0,3,0,AsyD1
2571,3,5,5,0,0,AsyD1
2572,5,5,0,0,0,AsyD1
2573,3,3,0,0,2,AsyD1
2574,1,1,1,5,0,AsyD1
2575,3,3,1,0,4,AsyD1
2576,2,0,1,5,0,AsyD1
2577,1,1,0,3,1,AsyD1
2578,5,1,1,0,0,AsyD1
2579,3,0,0,0,0,AsyD1
2580,0,0,0,1,5,AsyD1
2581,2,0,0,0,0,AsyD1
2582,2,0,1,0,0,AsyD1
2583,1,0,5,0,1,AsyD1
2584,1,5,0,1,0,AsyD1
2585,5,5,1,5,0,AsyD1
2586,0,3,3,5,0,AsyD1
2587,0,0,0,5,0,AsyD1
2588,0,1,5,0,0,AsyD1
2589,2,1,0,0,2,AsyD1
2590,0,0,0,0,0,AsyD1
2591,0,0,0,0,0,AsyD1
2592,0,0,0,0,0,AsyD1
2593,5,5,3,3,4,AsyD1
2594,2,5,3,5,3,AsyD1
2595,0,0,0,5,0,AsyD1
2596,3,1,0,5,0,AsyD1
2597,3,1,0,5,0,AsyD1
2598,0,2,0,5,0,AsyD1
2599,2,0,3,3,1,AsyD1
2600,2,1,1,5,0,AsyD1
2601,2,0,3,0,0,AsyD1
2602,0,0,1,1,0,AsyD1
2603,1,0,0,5,0,AsyD1
2604,2,0,3,0,0,AsyD1
2605,0,0,0,5,0,AsyD1
2606,5,0,3,0,0,AsyD1
2607,2,5,5,3,0,AsyD1
2608,0,0,0,5,3,AsyD1
2609,0,0,0,0,0,AsyD1
2610,1,0,0,0,0,AsyD1
2611,0,0,0,1,0,AsyD1
2612,2,0,3,0,0,AsyD1
2613,0,0,0,1,0,AsyD1
2614,3,1,0,0,0,AsyD1
2615,3,3,0,5,0,AsyD1
2616,0,0,0,0,0,AsyD1
2617,3,0,5,0,0,AsyD1
2618,3,0,0,0,0,AsyD1
2619,0,0,0,3,4,AsyD1
2620,1,1,1,0,0,AsyD1
2621,5,0,1,0,0,AsyD1
2622,0,0,0,0,2,AsyD1
2623,1,5,0,1,0,AsyD1
2624,0,0,0,5,0,AsyD1
2625,2,1,0,0,0,AsyD1
2626,1,5,1,0,0,AsyD1
2627,0,0,1,0,0,AsyD1
2628,0,0,0,0,0,AsyD1
2629,1,0,0,0,0,AsyD1
2630,1,1,1,0,0,AsyD1
2631,3,0,1,5,0,AsyD1
2632,3,5,0,5,0,AsyD1
2633,0,0,0,5,0,AsyD1
2634,3,3,0,5,0,AsyD1
2635,3,5,0,0,2,AsyD1
2636,5,3,0,0,0,AsyD1
2637,3,1,0,0,0,AsyD1
2638,0,0,1,1,0,AsyD1
2639,0,0,5,0,0,AsyD1
2640,2,3,2,0,0,AsyD1
2641,0,0,0,0,3,AsyD1
2642,0,0,0,0,0,AsyD1
2643,0,0,0,0,0,AsyD1
2644,2,0,0,0,0,AsyD1
2645,2,1,0,3,0,AsyD1
2646,0,0,0,0,0,AsyD1
2647,0,0,0,0,0,AsyD1
2648,0,0,1,5,0,AsyD1
2649,2,0,0,5,0,AsyD1
2650,1,0,0,0,0,AsyD1
2651,0,0,5,5,0,AsyD1
2652,0,0,3,0,0,AsyD1
2653,0,5,0,0,1,AsyD1
2654,2,0,5,0,0,AsyD1
2655,0,1,5,5,0,AsyD1
2656,0,0,1,0,0,AsyD1
2657,3,0,1,0,0,AsyD1
2658,1,0,1,3,0,AsyD1
2659,0,0,0,0,0,AsyD1
2660,0,0,0,5,0,AsyD1
2661,3,0,0,5,0,AsyD1
2662,0,0,0,1,1,AsyD1
2663,0,0,1,5,0,AsyD1
2664,0,0,1,0,0,AsyD1
2665,5,0,0,0,0,AsyD1
2666,0,0,0,0,1,AsyD1
2667,0,0,5,0,0,AsyD1
2668,1,0,0,3,0,AsyD1
2669,0,0,0,0,0,AsyD1
2670,4,0,0,0,3,AsyD1
2671,1,0,0,0,0,AsyD1
2672,2,0,0,0,5,AsyD1
2673,2,1,0,0,0,AsyD1
2674,0,0,3,5,0,AsyD1
2675,0,0,1,0,2,AsyD1
2676,1,0,0,5,0,AsyD1
2677,1,0,3,0,0,AsyD1
2678,3,5,1,3,0,AsyD1
2679,0,5,3,5,3,AsyD1
2680,2,1,3,0,0,AsyD1
2681,1,1,0,0,0,AsyD1
2682,2,5,5,0,0,AsyD1
2683,3,5,3,0,0,AsyD1
2684,0,0,0,1,2,AsyD1
2685,1,1,0,0,0,AsyD1
2686,2,0,0,0,3,AsyD1
2687,3,0,3,3,0,AsyD1
2688,1,5,0,0,0,AsyD1
2689,3,1,0,0,0,AsyD1
2690,0,1,0,0,0,AsyD1
2691,0,5,0,0,2,AsyD1
2692,0,0,1,0,0,AsyD1
2693,1,0,3,0,0,AsyD1
2694,3,0,0,0,0,AsyD1
2695,3,0,0,5,0,AsyD1
2696,2,1,0,5,4,AsyD1
2697,0,5,0,0,0,AsyD1
2698,3,5,4,5,0,AsyD1
2699,3,3,0,0,2,AsyD1
2700,0,0,0,1,0,AsyD1
2701,5,1,3,5,0,AsyD1
2702,2,0,3,0,0,AsyD1
2703,2,0,1,5,0,AsyD1
2704,1,1,0,0,0,AsyD1
2705,2,1,3,5,1,AsyD1
2706,0,0,0,5,0,AsyD1
2707,1,5,0,5,3,AsyD1
2708,2,0,1,0,0,AsyD1
2709,0,0,1,0,3,AsyD1
2710,1,0,0,5,4,AsyD1
2711,3,0,2,0,0,AsyD1
2712,0,0,3,0,0,AsyD1
2713,2,1,3,0,0,AsyD1
2714,0,1,0,0,0,AsyD1
2715,5,0,0,5,0,AsyD1
2716,2,0,0,0,5,AsyD1
2717,0,5,3,0,0,AsyD1
2718,2,5,0,5,0,AsyD1
2719,5,0,3,0,2,AsyD1
2720,2,0,4,3,0,AsyD1
2721,2,0,0,0,0,AsyD1
2722,0,0,3,0,0,AsyD1
2723,0,0,1,5,0,AsyD1
2724,0,0,2,5,0,AsyD1
2725,1,0,3,5,0,AsyD1
2726,3,5,1,1,3,AsyD1
2727,5,5,5,0,0,AsyD1
2728,2,0,0,0,0,AsyD1
2729,0,0,0,0,0,AsyD1
2730,2,0,5,0,0,AsyD1
2731,0,0,0,0,0,AsyD1
2732,1,1,4,1,0,AsyD1
2733,0,0,0,0,0,AsyD1
2734,0,0,5,5,0,AsyD1
2735,2,0,3,0,0,AsyD1
2736,3,5,1,5,0,AsyD1
2737,2,3,0,0,0,AsyD1
2738,1,0,0,5,3,AsyD1
2739,0,0,0,0,0,AsyD1
2740,2,0,5,0,2,AsyD1
2741,2,0,5,0,0,AsyD1
2742,0,0,0,3,0,AsyD1
2743,0,0,0,0,0,AsyD1
2744,2,0,3,0,0,AsyD1
2745,2,1,0,1,0,AsyD1
2746,0,0,3,0,0,AsyD1
2747,0,0,0,1,0,AsyD1
2748,0,0,1,5,0,AsyD1
2749,2,1,0,0,0,AsyD1
2750,0,0,0,0,0,AsyD1
2751,1,1,0,0,3,AsyD1
2752,0,0,0,0,0,AsyD1
2753,0,5,0,0,2,AsyD1
2754,1,0,3,1,0,AsyD1
2755,3,1,3,0,0,AsyD1
2756,0,0,0,0,0,AsyD1
2757,0,0,5,3,2,AsyD1
2758,0,0,0,0,0,AsyD1
2759,1,1,5,5,0,AsyD1
2760,5,3,1,0,0,AsyD1
2761,1,1,0,5,0,AsyD1
2762,2,0,0,3,0,AsyD1
2763,1,1,0,0,0,AsyD1
2764,0,1,0,3,0,AsyD1
2765,0,0,5,0,0,AsyD1
2766,0,0,0,5,0,AsyD1
2767,3,3,3,0,0,AsyD1
2768,5,5,3,0,0,AsyD1
2769,0,0,3,0,0,AsyD1
2770,0,0,0,0,0,AsyD1
2771,0,0,0,0,0,AsyD1
2772,3,5,0,0,2,AsyD1
2773,5,5,0,1,0,AsyD1
2774,0,5,3,5,0,AsyD1
2775,3,5,3,0,0,AsyD1
2776,0,5,0,1,0,AsyD1
2777,3,0,0,5,0,AsyD1
2778,2,1,1,0,0,AsyD1
2779,3,3,0,0,3,AsyD1
2780,0,1,0,0,0,AsyD1
2781,0,0,3,0,0,AsyD1
2782,1,5,3,0,0,AsyD1
2783,0,5,1,0,0,AsyD1
2784,5,0,3,3,0,AsyD1
2785,1,5,0,5,0,AsyD1
2786,0,0,3,1,0,AsyD1
2787,1,5,0,0,0,AsyD1
2788,3,1,0,0,3,AsyD1
2789,3,0,0,4,0,AsyD1
2790,0,0,0,5,0,AsyD1
2791,5,0,0,0,0,AsyD1
2792,0,0,0,0,0,AsyD1
2793,0,0,3,0,3,AsyD1
2794,5,5,0,5,3,AsyD1
2795,3,3,0,5,0,AsyD1
2796,0,3,3,0,0,AsyD1
2797,0,0,0,3,0,AsyD1
2798,0,0,1,4,0,AsyD1
2799,5,0,0,0,0,AsyD1
2800,3,5,3,5,0,AsyD1
2801,1,1,3,0,3,AsyD1
2802,3,0,0,0,2,AsyD1
2803,3,5,5,0,0,AsyD1
2804,1,0,0,5,0,AsyD1
2805,5,5,1,0,0,AsyD1
2806,0,1,0,5,0,AsyD1
2807,1,1,0,0,0,AsyD1
2808,0,0,5,0,0,AsyD1
2809,0,0,1,1,0,AsyD1
2810,5,5,3,3,0,AsyD1
2811,2,1,1,5,0,AsyD1
2812,1,0,0,5,0,AsyD1
2813,3,1,0,0,2,AsyD1
2814,5,5,0,5,4,AsyD1
2815,1,1,5,5,3,AsyD1
2816,1,5,0,5,0,AsyD1
2817,0,0,3,0,0,AsyD1
2818,0,5,0,0,4,AsyD1
2819,5,0,0,5,0,AsyD1
2820,0,5,0,0,0,AsyD1
2821,1,0,1,5,0,AsyD1
2822,0,5,0,0,0,AsyD1
2823,2,0,0,0,0,AsyD1
2824,3,3,0,0,0,AsyD1
2825,1,1,3,0,0,AsyD1
2826,5,5,3,0,0,AsyD1
2827,2,5,5,0,0,AsyD1
2828,1,5,0,0,3,AsyD1
2829,5,5,0,0,0,AsyD1
2830,3,1,5,0,0,AsyD1
2831,2,1,0,0,0,AsyD1
2832,5,0,0,0,0,AsyD1
2833,0,0,3,0,0,AsyD1
2834,5,0,3,0,0,AsyD1
2835,0,5,0,5,3,AsyD1
2836,3,5,0,0,0,AsyD1
2837,0,1,3,0,0,AsyD1
2838,5,0,1,0,0,AsyD1
2839,0,5,5,0,0,AsyD1
2840,1,0,0,0,3,AsyD1
2841,1,0,0,0,0,AsyD1
2842,3,1,0,5,0,AsyD1
2843,1,0,0,5,0,AsyD1
2844,3,0,3,0,0,AsyD1
2845,2,1,1,5,0,AsyD1
2846,0,0,0,0,0,AsyD1
2847,1,5,0,0,0,AsyD1
2848,5,3,5,0,1,AsyD1
2849,0,0,3,0,0,AsyD1
2850,3,0,5,0,4,AsyD1
2851,0,0,3,0,3,AsyD1
2852,2,0,3,5,0,AsyD1
2853,1,0,3,0,0,AsyD1
2854,2,0,0,0,0,AsyD1
2855,1,0,3,3,0,AsyD1
2856,2,5,3,0,0,AsyD1
2857,2,5,0,0,0,AsyD1
2858,1,1,0,5,0,AsyD1
2859,1,1,1,0,0,AsyD1
2860,0,2,0,0,0,AsyD1
2861,2,0,1,3,0,AsyD1
2862,3,1,0,0,0,AsyD1
2863,3,0,4,5,0,AsyD1
2864,5,5,3,0,3,AsyD1
2865,2,0,0,0,0,AsyD1
2866,0,0,0,0,0,AsyD1
2867,2,1,0,0,0,AsyD1
2868,1,0,5,5,0,AsyD1
2869,0,5,0,5,0,AsyD1
2870,0,1,0,0,2,AsyD1
2871,2,0,0,0,0,AsyD1
2872,0,1,0,5,0,AsyD1
2873,2,1,3,5,0,AsyD1
2874,0,0,0,0,0,AsyD1
2875,3,0,3,0,0,AsyD1
2876,2,5,0,0,0,AsyD1
2877,2,0,1,1,0,AsyD1
2878,1,5,0,0,0,AsyD1
2879,2,1,0,0,0,AsyD1
2880,0,0,0,5,3,AsyD1
2881,2,0,0,1,0,AsyD1
2882,3,0,0,5,0,AsyD1
2883,2,0,0,0,0,AsyD1
2884,0,0,1,0,0,AsyD1
2885,1,1,0,0,0,AsyD1
2886,0,5,0,0,1,AsyD1
2887,3,3,0,1,0,AsyD1
2888,0,0,0,0,0,AsyD1
2889,3,5,0,0,0,AsyD1
2890,3,1,5,0,0,AsyD1
2891,5,0,1,0,0,AsyD1
2892,1,0,1,3,0,AsyD1
2893,2,2,0,0,0,AsyD1
2894,0,0,3,5,2,AsyD1
2895,2,1,3,5,3,AsyD1
2896,5,1,1,0,3,AsyD1
2897,0,0,3,0,0,AsyD1
2898,2,1,0,0,0,AsyD1
2899,5,5,0,5,0,AsyD1
2900,0,0,0,0,0,AsyD1
2901,3,5,0,5,3,AsyD1
2902,0,0,0,0,0,AsyD1
2903,3,3,0,3,0,AsyD1
2904,0,5,0,0,3,AsyD1
2905,1,1,0,5,0,AsyD1
2906,2,1,0,0,0,AsyD1
2907,1,3,0,5,0,AsyD1
2908,1,1,0,3,0,AsyD1
2909,2,0,5,0,0,AsyD1
2910,2,1,0,0,0,AsyD1
2911,1,3,0,0,0,AsyD1
2912,0,0,5,3,3,AsyD1
2913,0,0,5,5,2,AsyD1
2914,0,5,5,0,0,AsyD1
2915,0,1,5,0,2,AsyD1
2916,0,0,0,5,2,AsyD1
2917,3,5,5,5,1,AsyD1
2918,0,0,1,5,1,AsyD1
2919,0,0,1,0,0,AsyD1
2920,3,0,0,3,0,AsyD1
2921,0,0,0,0,0,AsyD1
2922,0,0,0,5,0,AsyD1
2923,1,0,5,0,0,AsyD1
2924,0,0,0,0,0,AsyD1
2925,0,0,1,5,0,AsyD1
2926,2,0,0,0,0,AsyD1
2927,5,1,5,0,0,AsyD1
2928,0,0,0,5,1,AsyD1
2929,1,5,2,0,0,AsyD1
2930,3,0,3,5,0,AsyD1
2931,3,1,1,5,0,AsyD1
2932,2,5,1,0,0,AsyD1
2933,1,0,0,3,0,AsyD1
2934,0,0,3,5,0,AsyD1
2935,0,1,0,0,0,AsyD1
2936,4,4,2,0,0,AsyD1
2937,0,0,0,0,0,AsyD1
2938,0,0,0,0,2,AsyD1
2939,2,0,0,3,0,AsyD1
2940,0,0,1,5,4,AsyD1
2941,3,3,3,0,3,AsyD1
2942,2,5,4,0,0,AsyD1
2943,0,0,3,0,0,AsyD1
2944,2,0,5,0,0,AsyD1
2945,1,0,0,1,0,AsyD1
2946,5,0,0,5,0,AsyD1
2947,3,1,0,5,0,AsyD1
2948,0,0,0,5,2,AsyD1
2949,0,0,5,0,0,AsyD1
2950,0,0,0,0,0,AsyD1
2951,3,5,0,1,3,AsyD1
2952,1,5,3,0,0,AsyD1
2953,3,0,5,0,0,AsyD1
2954,0,0,0,0,2,AsyD1
2955,0,0,0,3,0,AsyD1
2956,0,0,3,5,0,AsyD1
2957,1,1,0,0,0,AsyD1
2958,3,1,0,0,0,AsyD1
2959,2,0,3,0,0,AsyD1
2960,2,1,1,0,0,AsyD1
2961,5,0,0,0,0,AsyD1
2962,1,0,0,5,0,AsyD1
2963,5,1,5,5,0,AsyD1
2964,5,5,0,0,0,AsyD1
2965,1,0,5,5,0,AsyD1
2966,2,0,3,0,2,AsyD1
2967,1,0,0,5,0,AsyD1
2968,5,5,0,5,0,AsyD1
2969,0,0,1,0,0,AsyD1
2970,3,0,0,1,0,AsyD1
2971,0,0,0,0,0,AsyD1
2972,0,0,3,0,0,AsyD1
2973,0,0,3,0,0,AsyD1
2974,0,0,0,0,1,AsyD1
2975,5,1,0,5,0,AsyD1
2976,1,0,0,0,0,AsyD1
2977,2,0,0,5,0,AsyD1
2978,0,0,0,5,0,AsyD1
2979,0,5,0,0,0,AsyD1
2980,0,0,1,5,0,AsyD1
2981,0,0,0,1,0,AsyD1
2982,0,0,5,0,3,AsyD1
2983,2,0,0,0,3,AsyD1
2984,0,3,0,0,3,AsyD1
2985,2,0,0,5,0,AsyD1
2986,1,1,1,1,2,AsyD1
2987,2,1,0,0,0,AsyD1
2988,0,0,0,3,1,AsyD1
2989,0,0,0,3,0,AsyD1
2990,0,0,0,0,0,AsyD1
2991,0,0,2,0,0,AsyD1
2992,2,0,0,5,0,AsyD1
2993,3,1,0,0,1,AsyD1
2994,0,1,3,0,0,AsyD1
2995,0,0,0,0,0,AsyD1
2996,0,0,1,1,2,AsyD1
2997,5,5,0,0,0,AsyD1
2998,0,0,3,5,0,AsyD1
2999,1,2,3,0,0,AsyD1
3000,2,0,0,0,0,AsyD1
3001,1,5,0,0,1,AsyD1
3002,0,3,3,3,1,AsyD1
3003,0,0,0,1,0,AsyD1
3004,0,0,0,0,0,AsyD1
3005,1,0,3,5,0,AsyD1
3006,3,1,0,0,3,AsyD1
3007,0,0,0,5,3,AsyD1
3008,5,3,1,0,0,AsyD1
3009,1,5,4,3,0,AsyD1
3010,4,4,1,0,0,AsyD1
3011,0,0,0,0,0,AsyD1
3012,2,0,3,5,0,AsyD1
3013,3,0,1,0,0,AsyD1
3014,2,0,3,0,0,AsyD1
3015,2,5,0,1,0,AsyD1
3016,0,0,0,5,0,AsyD1
3017,1,5,1,0,0,AsyD1
3018,3,5,5,0,0,AsyD1
3019,1,0,3,0,0,AsyD1
3020,3,0,0,3,0,AsyD1
3021,0,0,0,0,3,AsyD1
3022,0,0,0,0,0,AsyD1
3023,1,0,0,3,5,AsyD1
3024,1,0,0,5,3,AsyD1
3025,3,0,0,0,0,AsyD1
3026,0,0,0,0,0,AsyD1
3027,2,1,0,5,1,AsyD1
3028,0,0,0,0,3,AsyD1
3029,1,5,0,0,0,AsyD1
3030,2,5,0,5,0,AsyD1
3031,2,1,5,3,0,AsyD1
3032,0,0,0,3,2,AsyD1
3033,2,1,5,0,0,AsyD1
3034,0,0,0,0,0,AsyD1
3035,1,1,0,0,0,AsyD1
3036,3,0,3,5,0,AsyD1
3037,0,0,0,5,0,AsyD1
3038,3,0,3,0,1,AsyD1
3039,3,1,5,5,0,AsyD1
3040,3,0,0,0,0,AsyD1
3041,2,0,1,0,0,AsyD1
3042,3,3,1,0,0,AsyD1
3043,0,0,1,5,0,AsyD1
3044,0,5,0,0,0,AsyD1
3045,0,0,0,0,0,AsyD1
3046,1,1,0,0,0,AsyD1
3047,0,0,0,0,3,AsyD1
3048,1,0,0,0,0,AsyD1
3049,5,0,0,0,0,AsyD1
3050,0,0,3,0,0,AsyD1
3051,2,3,0,5,2,AsyD1
3052,0,0,3,0,0,AsyD1
3053,1,1,1,1,0,AsyD1
3054,0,0,0,0,0,AsyD1
3055,2,0,1,0,3,AsyD1
3056,3,5,0,5,3,AsyD1
3057,5,5,0,3,0,AsyD1
3058,3,5,0,3,0,AsyD1
3059,3,5,4,0,0,AsyD1
3060,2,5,3,5,0,AsyD1
3061,5,5,3,0,0,AsyD1
3062,0,0,1,5,0,AsyD1
3063,0,0,0,3,2,AsyD1
3064,2,0,0,1,2,AsyD1
3065,0,0,3,0,3,AsyD1
3066,0,0,0,0,0,AsyD1
3067,2,0,0,0,3,AsyD1
3068,0,0,0,0,0,AsyD1
3069,5,0,0,0,0,AsyD1
3070,0,0,0,0,3,AsyD1
3071,0,5,0,0,1,AsyD1
3072,3,1,0,0,0,AsyD1
3073,1,0,0,0,0,AsyD1
3074,5,0,1,5,3,AsyD1
3075,2,0,3,0,0,AsyD1
3076,1,5,0,0,0,AsyD1
3077,3,5,3,0,0,AsyD1
3078,0,0,0,0,0,AsyD1
3079,2,0,0,0,0,AsyD1
3080,1,0,1,0,0,AsyD1
3081,1,1,0,0,0,AsyD1
3082,3,5,3,0,0,AsyD1
3083,3,1,2,3,0,AsyD1
3084,0,0,0,0,0,AsyD1
3085,2,1,5,5,0,AsyD1
3086,2,0,0,0,0,AsyD1
3087,0,0,0,0,0,AsyD1
3088,1,5,3,0,3,AsyD1
3089,0,5,0,5,0,AsyD1
3090,1,0,2,0,0,AsyD1
3091,2,5,0,3,0,AsyD1
3092,0,5,0,0,0,AsyD1
3093,0,0,2,0,0,AsyD1
3094,0,0,3,5,0,AsyD1
3095,1,0,1,0,0,AsyD1
3096,0,0,0,0,0,AsyD1
3097,2,0,0,5,0,AsyD1
3098,0,0,0,3,0,AsyD1
3099,1,1,0,0,0,AsyD1
3100,3,5,0,5,0,AsyD1
3101,0,0,3,5,0,AsyD1
3102,1,0,5,5,0,AsyD1
3103,1,0,0,5,0,AsyD1
3104,1,0,0,0,0,AsyD1
3105,4,4,0,5,0,AsyD1
3106,1,1,5,0,3,AsyD1
3107,3,5,0,0,0,AsyD1
3108,0,1,0,0,0,AsyD1
3109,0,0,0,1,0,AsyD1
3110,5,3,0,0,0,AsyD1
3111,5,5,0,0,0,AsyD1
3112,0,0,0,0,0,AsyD1
3113,0,0,0,0,0,AsyD1
3114,1,0,0,0,0,AsyD1
3115,3,0,0,1,0,AsyD1
3116,5,1,1,0,0,AsyD1
3117,0,0,0,0,0,AsyD1
3118,0,0,0,5,0,AsyD1
3119,3,5,0,5,0,AsyD1
3120,2,0,0,0,0,AsyD1
3121,1,0,3,5,0,AsyD1
3122,5,5,0,0,0,AsyD1
3123,0,0,0,0,0,AsyD1
3124,5,5,0,5,0,AsyD1
3125,1,5,0,0,0,AsyD1
3126,5,5,0,5,0,AsyD1
3127,5,1,0,1,0,AsyD1
3128,3,1,0,0,0,AsyD1
3129,0,0,5,0,0,AsyD1
3130,2,0,0,0,0,AsyD1
3131,2,1,0,0,0,AsyD1
3132,3,5,0,0,0,AsyD1
3133,3,0,0,5,0,AsyD1
3134,2,0,3,0,0,AsyD1
3135,0,1,0,0,0,AsyD1
3136,5,3,1,0,0,AsyD1
3137,0,0,0,0,0,AsyD1
3138,0,0,0,0,0,AsyD1
3139,5,5,0,0,0,AsyD1
3140,0,0,0,3,0,AsyD1
3141,3,5,5,0,0,AsyD1
3142,1,0,0,3,0,AsyD1
3143,1,0,3,3,0,AsyD1
3144,2,0,0,0,2,AsyD1
3145,1,3,0,0,0,AsyD1
3146,1,1,0,3,0,AsyD1
3147,0,1,2,0,0,AsyD1
3148,0,1,1,1,0,AsyD1
3149,2,1,1,0,0,AsyD1
3150,2,0,0,0,0,AsyD1
3151,3,1,0,0,0,AsyD1
3152,0,0,0,0,3,AsyD1
3153,2,0,3,5,0,AsyD1
3154,1,1,0,0,0,AsyD1
3155,0,0,1,0,0,AsyD1
3156,3,1,0,0,0,AsyD1
3157,2,1,3,0,0,AsyD1
3158,2,0,5,5,0,AsyD1
3159,0,0,0,5,0,AsyD1
3160,0,0,0,0,0,AsyD1
3161,3,0,5,5,0,AsyD1
3162,0,0,3,5,0,AsyD1
3163,3,1,0,0,0,AsyD1
3164,2,0,0,3,0,AsyD1
3165,2,0,0,0,0,AsyD1
3166,1,3,0,5,0,AsyD1
3167,2,0,0,5,2,AsyD1
3168,2,5,0,5,2,AsyD1
3169,1,0,3,0,1,AsyD1
3170,2,5,1,0,1,AsyD1
3171,0,0,1,0,3,AsyD1
3172,0,0,2,0,0,AsyD1
3173,0,0,0,5,0,AsyD1
3174,1,0,3,0,0,AsyD1
3175,1,0,1,0,1,AsyD1
3176,1,1,0,0,0,AsyD1
3177,1,0,5,0,0,AsyD1
3178,2,0,3,0,0,AsyD1
3179,2,5,5,0,0,AsyD1
3180,0,0,5,0,0,AsyD1
3181,2,1,5,0,3,AsyD1
3182,1,1,5,0,0,AsyD1
3183,0,1,0,0,1,AsyD1
3184,1,5,0,5,1,AsyD1
3185,3,0,0,5,0,AsyD1
3186,3,0,0,5,0,AsyD1
3187,4,4,3,5,0,AsyD1
3188,0,0,0,0,0,AsyD1
3189,0,0,0,0,0,AsyD1
3190,0,0,3,0,0,AsyD1
3191,0,0,3,5,3,AsyD1
3192,1,0,5,0,0,AsyD1
3193,0,2,1,3,0,AsyD1
3194,1,0,5,0,0,AsyD1
3195,2,0,5,0,0,AsyD1
3196,3,1,1,5,0,AsyD1
3197,5,5,0,5,0,AsyD1
3198,0,5,3,0,0,AsyD1
3199,5,0,3,5,0,AsyD1
3200,2,0,0,5,0,AsyD1
3201,0,5,0,5,0,AsyD1
3202,2,1,1,5,0,AsyD1
3203,0,0,3,0,0,AsyD1
3204,5,1,5,5,0,AsyD1
3205,3,0,0,0,0,AsyD1
3206,0,0,0,0,0,AsyD1
3207,1,0,2,0,0,AsyD1
3208,1,3,3,0,0,AsyD1
3209,5,5,3,0,0,AsyD1
3210,0,5,0,0,0,AsyD1
3211,3,3,5,3,0,AsyD1
3212,0,0,1,5,3,AsyD1
3213,3,5,0,5,0,AsyD1
3214,0,0,4,0,0,AsyD1
3215,0,1,3,5,3,AsyD1
3216,1,0,2,5,0,AsyD1
3217,3,5,0,0,0,AsyD1
3218,0,1,3,5,0,AsyD1
3219,0,0,0,0,0,AsyD1
3220,0,0,0,0,0,AsyD1
3221,2,0,0,0,0,AsyD1
3222,0,5,1,5,3,AsyD1
3223,3,0,0,0,2,AsyD1
3224,0,3,3,3,0,AsyD1
3225,0,1,0,5,3,AsyD1
3226,1,0,0,5,0,AsyD1
3227,0,0,0,0,0,AsyD1
3228,3,0,3,0,0,AsyD1
3229,1,3,0,0,0,AsyD1
3230,2,0,0,5,0,AsyD1
3231,0,0,3,5,0,AsyD1
3232,2,0,0,5,0,AsyD1
3233,5,5,0,5,0,AsyD1
3234,1,1,0,0,0,AsyD1
3235,3,5,0,1,0,AsyD1
3236,3,3,1,5,3,AsyD1
3237,0,3,0,0,0,AsyD1
3238,0,0,0,0,0,AsyD1
3239,2,0,0,0,1,AsyD1
3240,0,0,1,0,1,AsyD1
3241,1,1,3,0,0,AsyD1
3242,0,0,0,5,0,AsyD1
3243,0,5,0,0,4,AsyD1
3244,2,1,0,0,0,AsyD1
3245,3,1,0,0,0,AsyD1
3246,3,3,2,0,0,AsyD1
3247,2,0,1,0,0,AsyD1
3248,0,0,3,0,0,AsyD1
3249,0,0,5,0,0,AsyD1
3250,0,0,0,0,0,AsyD1
3251,2,0,5,0,0,AsyD1
3252,0,5,1,0,3,AsyD1
3253,3,1,0,0,0,AsyD1
3254,0,0,0,5,0,AsyD1
3255,0,0,0,5,0,AsyD1
3256,0,0,0,0,0,AsyD1
3257,2,1,0,5,0,AsyD1
3258,5,5,0,0,2,AsyD1
3259,0,5,0,0,0,AsyD1
3260,5,0,0,0,0,AsyD1
3261,0,0,0,0,0,AsyD1
3262,2,1,0,5,0,AsyD1
3263,3,5,3,0,0,AsyD1
3264,0,0,0,0,3,AsyD1
3265,0,5,0,0,1,AsyD1
3266,2,1,0,0,1,AsyD1
3267,1,1,1,0,0,AsyD1
3268,0,0,0,0,4,AsyD1
3269,0,5,1,3,3,AsyD1
3270,0,0,5,0,0,AsyD1
3271,3,1,0,0,0,AsyD1
3272,0,0,0,0,0,AsyD1
3273,5,5,3,0,0,AsyD1
3274,1,0,0,0,0,AsyD1
3275,3,5,0,0,0,AsyD1
3276,3,5,0,0,0,AsyD1
3277,0,3,0,0,5,AsyD1
3278,2,0,3,0,0,AsyD1
3279,2,0,0,5,0,AsyD1
3280,1,0,0,0,3,AsyD1
3281,3,1,1,0,0,AsyD1
3282,0,0,1,3,0,AsyD1
3283,1,0,0,1,0,AsyD1
3284,2,0,0,5,0,AsyD1
3285,0,0,0,0,0,AsyD1
3286,0,0,0,0,0,AsyD1
3287,3,1,0,1,0,AsyD1
3288,3,5,0,0,2,AsyD1
3289,4,4,0,0,0,AsyD1
3290,1,3,0,1,0,AsyD1
3291,0,0,1,5,3,AsyD1
3292,1,0,0,5,0,AsyD1
3293,5,0,0,5,0,AsyD1
3294,3,3,0,5,0,AsyD1
3295,0,1,1,0,0,AsyD1
3296,0,0,2,0,0,AsyD1
3297,2,1,3,0,0,AsyD1
3298,1,5,0,0,0,AsyD1
3299,2,0,0,0,0,AsyD1
3300,0,5,1,5,0,AsyD1
3301,1,0,3,0,0,AsyD1
3302,3,1,0,0,0,AsyD1
3303,1,1,1,0,0,AsyD1
3304,1,3,0,5,0,AsyD1
3305,2,0,0,0,0,AsyD1
3306,2,0,1,5,0,AsyD1
3307,2,0,3,0,0,AsyD1
3308,0,0,0,1,0,AsyD1
3309,1,0,0,3,3,AsyD1
3310,3,5,0,3,0,AsyD1
3311,1,0,0,5,0,AsyD1
3312,0,0,0,3,0,AsyD1
3313,5,0,0,0,0,AsyD1
3314,2,0,1,0,0,AsyD1
3315,3,3,0,3,0,AsyD1
3316,1,0,0,5,0,AsyD1
3317,5,1,0,5,0,AsyD1
3318,2,5,1,5,0,AsyD1
3319,0,0,3,5,3,AsyD1
3320,0,0,1,0,0,AsyD1
3321,0,0,0,0,0,AsyD1
3322,5,0,0,0,0,AsyD1
3323,0,5,0,0,2,AsyD1
3324,0,0,0,0,0,AsyD1
3325,3,3,5,1,0,AsyD1
3326,0,1,0,0,0,AsyD1
3327,0,0,0,0,0,AsyD1
3328,5,1,1,0,0,AsyD1
3329,2,5,0,0,0,AsyD1
3330,0,1,0,5,0,AsyD1
3331,0,0,0,3,4,AsyD1
3332,1,5,1,0,0,AsyD1
3333,2,0,1,5,0,AsyD1
3334,3,5,1,0,0,AsyD1
3335,0,0,0,0,0,AsyD1
3336,3,5,0,0,0,AsyD1
3337,1,0,0,5,2,AsyD1
3338,3,1,5,3,0,AsyD1
3339,5,5,0,5,0,AsyD1
3340,2,0,0,5,0,AsyD1
3341,1,1,5,1,3,AsyD1
3342,0,0,0,0,0,AsyD1
3343,3,1,0,0,0,AsyD1
3344,0,0,0,0,0,AsyD1
3345,5,1,3,0,0,AsyD1
3346,0,0,0,5,0,AsyD1
3347,2,0,1,0,0,AsyD1
3348,0,0,0,5,0,AsyD1
3349,0,0,1,0,3,AsyD1
3350,5,5,0,0,0,AsyD1
3351,0,0,5,0,2,AsyD1
3352,1,5,0,0,0,AsyD1
3353,0,5,0,0,0,AsyD1
3354,3,5,0,5,0,AsyD1
3355,2,0,1,5,0,AsyD1
3356,0,1,3,5,0,AsyD1
3357,1,0,3,0,0,AsyD1
3358,2,1,0,5,0,AsyD1
3359,1,0,0,0,0,AsyD1
3360,0,3,3,5,3,AsyD1
3361,5,3,5,0,0,AsyD1
3362,0,1,0,0,3,AsyD1
3363,5,5,0,0,2,AsyD1
3364,3,0,1,1,3,AsyD1
3365,2,1,0,3,0,AsyD1
3366,2,0,5,5,0,AsyD1
3367,0,0,0,0,0,AsyD1
3368,3,1,5,0,0,AsyD1
3369,3,1,0,0,3,AsyD1
3370,2,5,0,0,0,AsyD1
3371,0,0,5,0,0,AsyD1
3372,5,1,0,5,0,AsyD1
3373,3,0,3,5,1,AsyD1
3374,0,5,0,0,0,AsyD1
3375,0,0,3,5,0,AsyD1
3376,1,0,0,1,0,AsyD1
3377,3,0,0,0,3,AsyD1
3378,0,0,1,0,0,AsyD1
3379,5,0,0,0,0,AsyD1
3380,1,5,1,5,0,AsyD1
3381,0,0,0,5,0,AsyD1
3382,5,0,0,5,0,AsyD1
3383,1,5,1,0,3,AsyD1
3384,0,1,1,0,0,AsyD1
3385,3,0,0,3,0,AsyD1
3386,1,1,0,0,0,AsyD1
3387,0,0,1,5,5,AsyD1
3388,1,0,0,0,0,AsyD1
3389,5,0,0,0,0,AsyD1
3390,2,0,5,0,0,AsyD1
3391,0,0,0,0,0,AsyD1
3392,2,1,0,0,1,AsyD1
3393,2,0,2,0,0,AsyD1
3394,1,1,1,5,0,AsyD1
3395,0,0,0,5,0,AsyD1
3396,0,0,5,5,0,AsyD1
3397,1,1,0,0,0,AsyD1
3398,0,1,3,0,0,AsyD1
3399,0,1,1,0,0,AsyD1
3400,0,0,0,5,0,AsyD1
3401,2,0,2,5,0,AsyD1
3402,2,2,0,3,0,AsyD1
3403,1,1,0,0,2,AsyD1
3404,5,0,0,0,3,AsyD1
3405,3,1,1,0,3,AsyD1
3406,2,1,1,0,3,AsyD1
3407,3,5,3,0,0,AsyD1
3408,3,5,1,0,2,AsyD1
3409,0,5,0,0,4,AsyD1
3410,0,0,0,0,0,AsyD1
3411,1,5,3,0,0,AsyD1
3412,3,5,0,1,0,AsyD1
3413,0,0,0,5,0,AsyD1
3414,5,0,0,0,0,AsyD1
3415,1,5,0,3,0,AsyD1
3416,1,1,0,0,0,AsyD1
3417,2,5,0,3,0,AsyD1
3418,0,1,0,1,3,AsyD1
3419,1,0,0,0,0,AsyD1
3420,3,3,0,5,0,AsyD1
3421,2,0,1,0,0,AsyD1
3422,5,0,3,0,0,AsyD1
3423,0,1,0,0,0,AsyD1
3424,2,0,2,0,0,AsyD1
3425,2,0,0,3,0,AsyD1
3426,0,1,3,5,0,AsyD1
3427,3,0,3,0,0,AsyD1
3428,1,0,0,5,0,AsyD1
3429,2,0,3,0,0,AsyD1
3430,2,0,0,1,2,AsyD1
3431,3,5,0,3,0,AsyD1
3432,2,1,1,1,3,AsyD1
3433,3,5,0,0,0,AsyD1
3434,1,5,0,0,1,AsyD1
3435,1,1,3,0,0,AsyD1
3436,0,0,3,0,0,AsyD1
3437,3,0,0,0,0,AsyD1
3438,0,0,0,5,0,AsyD1
3439,0,0,0,0,3,AsyD1
3440,1,0,3,0,0,AsyD1
3441,2,0,0,0,0,AsyD1
3442,5,1,0,5,3,AsyD1
3443,0,0,0,0,0,AsyD1
3444,4,4,3,0,0,AsyD1
3445,0,1,0,0,0,AsyD1
3446,5,5,0,0,0,AsyD1
3447,0,0,3,0,0,AsyD1
3448,0,0,0,5,0,AsyD1
3449,3,0,0,0,3,AsyD1
3450,0,0,0,0,0,AsyD1
3451,2,0,0,0,1,AsyD1
3452,0,0,0,0,5,AsyD1
3453,2,1,1,0,0,AsyD1
3454,0,0,3,0,3,AsyD1
3455,1,0,1,0,1,AsyD1
3456,1,1,0,5,0,AsyD1
3457,3,5,0,5,0,AsyD1
3458,0,0,0,0,0,AsyD1
3459,0,0,0,1,0,AsyD1
3460,2,0,1,0,0,AsyD1
3461,3,5,1,0,4,AsyD1
3462,3,0,0,0,0,AsyD1
3463,1,3,0,0,0,AsyD1
3464,3,0,0,0,0,AsyD1
3465,3,5,5,3,0,AsyD1
3466,0,0,2,0,0,AsyD1
3467,3,1,3,0,0,AsyD1
3468,0,5,5,5,0,AsyD1
3469,0,5,0,0,0,AsyD1
3470,5,0,3,0,0,AsyD1
3471,0,0,0,0,0,AsyD1
3472,0,1,1,0,0,AsyD1
3473,0,0,1,3,0,AsyD1
3474,0,0,1,0,0,AsyD1
3475,5,0,0,0,0,AsyD1
3476,3,0,3,5,0,AsyD1
3477,0,1,0,5,0,AsyD1
3478,0,0,1,0,0,AsyD1
3479,0,0,2,5,0,AsyD1
3480,1,1,3,0,0,AsyD1
3481,3,5,0,5,0,AsyD1
3482,2,5,3,0,0,AsyD1
3483,5,0,1,0,0,AsyD1
3484,0,0,3,0,3,AsyD1
3485,3,3,0,0,0,AsyD1
3486,0,0,0,5,3,AsyD1
3487,0,0,3,0,0,AsyD1
3488,0,0,3,0,0,AsyD1
3489,5,0,1,1,4,AsyD1
3490,0,0,0,0,0,AsyD1
3491,2,0,0,0,0,AsyD1
3492,2,0,3,5,0,AsyD1
3493,2,0,0,3,0,AsyD1
3494,5,1,2,0,0,AsyD1
3495,0,1,1,5,0,AsyD1
3496,0,0,0,5,0,AsyD1
3497,1,1,0,3,0,AsyD1
3498,3,3,1,0,0,AsyD1
3499,5,5,5,0,0,AsyD1
3500,3,1,5,0,3,AsyD1
3501,1,0,0,0,0,AsyD1
3502,5,0,0,0,1,AsyD1
3503,0,5,1,1,0,AsyD1
3504,5,0,0,0,0,AsyD1
3505,1,1,0,0,3,AsyD1
3506,0,1,0,0,0,AsyD1
3507,5,1,3,0,0,AsyD1
3508,0,0,0,5,0,AsyD1
3509,3,1,0,3,0,AsyD1
3510,2,0,1,5,0,AsyD1
3511,1,5,1,0,0,AsyD1
3512,0,0,0,3,0,AsyD1
3513,0,0,3,5,0,AsyD1
3514,0,0,0,0,0,AsyD1
3515,1,0,0,0,0,AsyD1
3516,3,0,0,5,0,AsyD1
3517,0,0,3,0,0,AsyD1
3518,3,3,0,5,4,AsyD1
3519,0,0,5,0,0,AsyD1
3520,3,1,0,3,0,AsyD1
3521,0,0,0,5,0,AsyD1
3522,3,3,3,0,0,AsyD1
3523,0,0,0,0,0,AsyD1
3524,3,5,0,5,0,AsyD1
3525,0,5,3,3,0,AsyD1
3526,0,1,3,0,0,AsyD1
3527,3,5,0,0,3,AsyD1
3528,0,0,0,0,0,AsyD1
3529,2,0,0,0,0,AsyD1
3530,0,0,0,0,1,AsyD1
3531,2,1,0,5,0,AsyD1
3532,0,0,5,5,0,AsyD1
3533,2,0,0,5,0,AsyD1
3534,3,1,0,0,5,AsyD1
3535,0,0,0,0,0,AsyD1
3536,2,0,5,0,0,AsyD1
3537,0,0,0,0,2,AsyD1
3538,3,3,1,5,0,AsyD1
3539,3,1,3,0,0,AsyD1
3540,5,5,0,3,0,AsyD1
3541,1,0,0,0,0,AsyD1
3542,3,0,0,5,0,AsyD1
3543,5,0,1,0,0,AsyD1
3544,5,0,0,0,0,AsyD1
3545,3,5,3,5,0,AsyD1
3546,1,0,1,0,0,AsyD1
3547,3,1,3,0,0,AsyD1
3548,0,0,0,3,0,AsyD1
3549,3,1,0,0,0,AsyD1
3550,2,1,3,0,0,AsyD1
3551,0,0,2,5,0,AsyD1
3552,3,0,0,0,3,AsyD1
3553,1,0,0,0,0,AsyD1
3554,5,3,3,5,0,AsyD1
3555,0,0,0,5,0,AsyD1
3556,1,0,3,5,0,AsyD1
3557,3,5,0,0,0,AsyD1
3558,3,5,0,1,5,AsyD1
3559,0,0,0,0,0,AsyD1
3560,5,5,0,0,1,AsyD1
3561,0,0,3,0,0,AsyD1
3562,0,0,0,0,0,AsyD1
3563,1,3,0,0,0,AsyD1
3564,3,5,0,1,2,AsyD1
3565,3,3,0,0,0,AsyD1
3566,2,1,5,0,0,AsyD1
3567,1,0,0,5,0,AsyD1
3568,0,0,3,5,3,AsyD1
3569,1,1,0,5,0,AsyD1
3570,3,0,1,5,0,AsyD1
3571,0,5,0,0,0,AsyD1
3572,0,0,5,5,0,AsyD1
3573,2,1,1,5,0,AsyD1
3574,2,0,0,0,3,AsyD1
3575,1,5,5,0,0,AsyD1
3576,0,0,0,0,0,AsyD1
3577,2,5,0,5,3,AsyD1
3578,0,5,1,3,2,AsyD1
3579,2,0,0,0,0,AsyD1
3580,1,0,0,0,0,AsyD1
3581,5,5,0,0,0,AsyD1
3582,5,3,2,0,0,AsyD1
3583,1,0,3,0,3,AsyD1
3584,3,0,0,0,0,AsyD1
3585,1,0,3,3,0,AsyD1
3586,2,0,0,5,0,AsyD1
3587,5,5,0,0,0,AsyD1
3588,0,5,0,1,1,AsyD1
3589,3,0,2,5,0,AsyD1
3590,0,5,0,0,2,AsyD1
3591,0,0,0,0,0,AsyD1
3592,3,0,0,0,0,AsyD1
3593,1,1,0,5,1,AsyD1
3594,0,1,1,0,0,AsyD1
3595,1,1,3,0,0,AsyD1
3596,1,0,0,0,0,AsyD1
3597,0,0,3,5,0,AsyD1
3598,0,0,5,0,2,AsyD1
3599,0,5,0,0,0,AsyD1
3600,0,0,1,5,0,AsyD1
3601,1,1,0,1,0,AsyD1
3602,1,5,0,0,3,AsyD1
3603,3,5,1,5,0,AsyD1
3604,1,0,0,0,0,AsyD1
3605,3,0,0,3,0,AsyD1
3606,2,1,3,5,0,AsyD1
3607,0,0,0,5,0,AsyD1
3608,0,5,0,5,1,AsyD1
3609,0,0,0,0,1,AsyD1
3610,2,0,0,0,0,AsyD1
3611,2,0,0,1,0,AsyD1
3612,1,1,0,0,0,AsyD1
3613,0,0,0,0,0,AsyD1
3614,1,3,0,5,0,AsyD1
3615,0,0,0,0,0,AsyD1
3616,1,1,1,0,0,AsyD2
3617,1,0,1,1,0,AsyD2
3618,1,0,3,5,0,AsyD2
3619,3,0,3,5,0,AsyD2
3620,0,0,0,1,0,AsyD2
3621,2,1,0,0,0,AsyD2
3622,1,0,0,5,0,AsyD2
3623,5,0,1,5,0,AsyD2
3624,5,0,0,0,3,AsyD2
3625,0,0,0,0,0,AsyD2
3626,1,0,0,1,0,AsyD2
3627,0,0,0,0,0,AsyD2
3628,5,5,0,5,0,AsyD2
3629,0,1,4,0,0,AsyD2
3630,3,0,0,1,0,AsyD2
3631,0,0,5,5,0,AsyD2
3632,0,0,3,5,0,AsyD2
3633,1,0,5,0,0,AsyD2
3634,2,1,0,5,0,AsyD2
3635,3,1,0,0,0,AsyD2
3636,5,0,0,5,0,AsyD2
3637,3,0,3,0,0,AsyD2
3638,0,0,3,0,0,AsyD2
3639,1,0,3,5,0,AsyD2
3640,2,2,0,1,3,AsyD2
3641,1,1,0,0,0,AsyD2
3642,1,0,0,0,0,AsyD2
3643,5,1,0,0,2,AsyD2
3644,2,1,1,0,1,AsyD2
3645,0,0,0,0,0,AsyD2
3646,5,0,0,0,0,AsyD2
3647,0,0,0,5,0,AsyD2
3648,0,0,0,0,0,AsyD2
3649,0,0,0,0,0,AsyD2
3650,1,1,1,0,2,AsyD2
3651,0,0,3,0,0,AsyD2
3652,1,0,1,0,0,AsyD2
3653,2,0,0,5,1,AsyD2
3654,0,0,0,5,0,AsyD2
3655,1,1,5,5,2,AsyD2
3656,0,1,0,0,0,AsyD2
3657,2,0,0,0,0,AsyD2
3658,3,0,3,0,3,AsyD2
3659,5,0,1,0,0,AsyD2
3660,2,0,2,0,0,AsyD2
3661,2,0,0,0,5,AsyD2
3662,5,5,0,0,0,AsyD2
3663,0,1,0,0,0,AsyD2
3664,1,0,3,0,3,AsyD2
3665,0,0,0,0,0,AsyD2
3666,0,0,0,3,3,AsyD2
3667,2,0,0,0,3,AsyD2
3668,0,0,0,0,2,AsyD2
3669,0,0,0,5,0,AsyD2
3670,0,0,3,0,1,AsyD2
3671,3,1,5,0,0,AsyD2
3672,1,1,3,0,0,AsyD2
3673,0,0,3,0,1,AsyD2
3674,1,0,5,3,0,AsyD2
3675,5,0,0,0,0,AsyD2
3676,0,5,0,5,4,AsyD2
3677,0,0,0,5,0,AsyD2
3678,0,0,0,5,1,AsyD2
3679,0,0,0,5,0,AsyD2
3680,5,0,0,5,0,AsyD2
3681,2,0,3,0,1,AsyD2
3682,0,0,3,0,0,AsyD2
3683,0,0,1,0,0,AsyD2
3684,0,0,3,5,0,AsyD2
3685,0,0,1,5,0,AsyD2
3686,0,0,3,0,0,AsyD2
3687,3,0,0,0,0,AsyD2
3688,0,0,1,0,3,AsyD2
3689,1,0,3,0,0,AsyD2
3690,3,3,3,0,3,AsyD2
3691,0,0,0,0,0,AsyD2
3692,3,3,4,0,0,AsyD2
3693,5,1,0,0,0,AsyD2
3694,0,0,0,0,0,AsyD2
3695,0,0,3,5,0,AsyD2
3696,0,0,0,0,0,AsyD2
3697,5,3,0,5,0,AsyD2
3698,0,0,0,5,0,AsyD2
3699,0,0,1,0,0,AsyD2
3700,3,0,0,5,0,AsyD2
3701,0,0,0,0,0,AsyD2
3702,5,1,0,0,0,AsyD2
3703,1,3,0,0,0,AsyD2
3704,2,0,0,0,0,AsyD2
3705,1,0,0,0,0,AsyD2
3706,5,2,0,5,0,AsyD2
3707,2,0,3,0,0,AsyD2
3708,0,0,0,0,0,AsyD2
3709,2,5,3,0,2,AsyD2
3710,3,1,0,0,0,AsyD2
3711,0,1,0,0,0,AsyD2
3712,1,0,5,0,0,AsyD2
3713,2,0,0,0,3,AsyD2
3714,0,5,0,5,0,AsyD2
3715,2,0,1,0,1,AsyD2
3716,1,0,3,5,0,AsyD2
3717,2,1,0,3,0,AsyD2
3718,2,0,3,0,0,AsyD2
3719,3,5,0,0,0,AsyD2
3720,2,1,0,0,0,AsyD2
3721,0,0,5,0,0,AsyD2
3722,5,1,0,5,0,AsyD2
3723,3,0,0,0,1,AsyD2
3724,0,0,0,3,0,AsyD2
3725,3,1,0,0,0,AsyD2
3726,1,1,0,0,0,AsyD2
3727,0,0,0,0,0,AsyD2
3728,1,5,0,5,0,AsyD2
3729,0,0,0,0,0,AsyD2
3730,5,0,0,3,3,AsyD2
3731,1,0,0,1,0,AsyD2
3732,0,0,0,5,0,AsyD2
3733,0,1,3,0,0,AsyD2
3734,3,0,5,0,0,AsyD2
3735,5,0,0,0,0,AsyD2
3736,5,0,0,5,0,AsyD2
3737,2,5,0,5,0,AsyD2
3738,0,0,0,3,0,AsyD2
3739,2,0,1,3,0,AsyD2
3740,1,1,3,3,0,AsyD2
3741,0,0,3,0,0,AsyD2
3742,3,0,0,0,0,AsyD2
3743,0,0,0,0,1,AsyD2
3744,3,3,0,0,0,AsyD2
3745,0,1,1,5,0,AsyD2
3746,3,5,0,3,0,AsyD2
3747,0,5,0,5,0,AsyD2
3748,0,0,1,3,0,AsyD2
3749,2,0,2,1,0,AsyD2
3750,2,0,0,0,0,AsyD2
3751,3,0,3,5,0,AsyD2
3752,0,0,0,3,0,AsyD2
3753,2,0,1,0,0,AsyD2
3754,5,0,0,0,0,AsyD2
3755,0,1,1,0,0,AsyD2
3756,3,3,2,4,1,AsyD2
3757,2,0,0,1,0,AsyD2
3758,0,0,3,0,4,AsyD2
3759,2,0,0,0,0,AsyD2
3760,2,0,0,0,3,AsyD2
3761,0,0,0,5,0,AsyD2
3762,0,5,0,5,4,AsyD2
3763,1,1,0,1,0,AsyD2
3764,0,5,0,5,0,AsyD2
3765,0,1,0,0,3,AsyD2
3766,0,0,5,0,0,AsyD2
3767,2,0,0,5,0,AsyD2
3768,0,1,0,0,2,AsyD2
3769,0,0,0,0,1,AsyD2
3770,2,0,0,0,0,AsyD2
3771,0,3,0,0,0,AsyD2
3772,1,1,0,5,0,AsyD2
3773,2,0,3,0,0,AsyD2
3774,3,5,0,0,0,AsyD2
3775,5,0,3,0,0,AsyD2
3776,0,0,0,5,0,AsyD2
3777,4,4,0,0,0,AsyD2
3778,0,0,0,0,0,AsyD2
3779,2,0,0,5,0,AsyD2
3780,0,0,0,0,0,AsyD2
3781,0,0,1,1,0,AsyD2
3782,0,0,3,1,0,AsyD2
3783,2,0,0,0,0,AsyD2
3784,0,0,0,0,0,AsyD2
3785,1,1,0,5,0,AsyD2
3786,1,0,0,0,0,AsyD2
3787,3,2,0,5,0,AsyD2
3788,0,0,0,3,3,AsyD2
3789,0,0,3,0,2,AsyD2
3790,2,0,0,0,0,AsyD2
3791,0,0,3,5,0,AsyD2
3792,1,0,0,0,0,AsyD2
3793,4,4,0,0,0,AsyD2
3794,1,0,0,0,1,AsyD2
3795,2,0,3,0,0,AsyD2
3796,2,1,0,0,2,AsyD2
3797,0,0,0,0,0,AsyD2
3798,0,0,1,0,0,AsyD2
3799,0,0,1,5,1,AsyD2
3800,0,3,0,0,0,AsyD2
3801,1,3,0,5,0,AsyD2
3802,2,1,0,5,1,AsyD2
3803,3,1,0,0,0,AsyD2
3804,0,0,0,0,0,AsyD2
3805,1,1,0,0,0,AsyD2
3806,0,0,1,0,0,AsyD2
3807,4,4,0,5,0,AsyD2
3808,4,4,0,5,3,AsyD2
3809,0,1,0,0,0,AsyD2
3810,0,0,0,0,0,AsyD2
3811,1,5,0,0,0,AsyD2
3812,0,0,3,5,0,AsyD2
3813,0,0,0,0,3,AsyD2
3814,0,0,0,0,2,AsyD2
3815,0,0,3,0,0,AsyD2
3816,1,0,3,0,0,AsyD2
3817,0,0,2,0,1,AsyD2
3818,2,0,2,5,3,AsyD2
3819,0,0,0,0,3,AsyD2
3820,0,0,0,0,0,AsyD2
3821,0,0,0,0,0,AsyD2
3822,0,0,1,0,0,AsyD2
3823,2,1,1,5,0,AsyD2
3824,0,1,2,0,0,AsyD2
3825,5,1,0,5,0,AsyD2
3826,1,0,3,5,0,AsyD2
3827,2,0,0,5,0,AsyD2
3828,0,0,1,5,0,AsyD2
3829,3,0,0,0,0,AsyD2
3830,2,0,3,1,0,AsyD2
3831,2,1,0,0,0,AsyD2
3832,0,2,0,0,1,AsyD2
3833,2,0,0,5,0,AsyD2
3834,0,0,0,0,1,AsyD2
3835,0,0,5,0,0,AsyD2
3836,0,0,3,0,0,AsyD2
3837,0,0,0,0,1,AsyD2
3838,5,3,0,0,0,AsyD2
3839,1,1,0,0,0,AsyD2
3840,2,0,5,5,0,AsyD2
3841,0,1,0,0,0,AsyD2
3842,3,5,0,5,0,AsyD2
3843,1,5,0,0,0,AsyD2
3844,2,0,0,0,0,AsyD2
3845,2,0,0,0,1,AsyD2
3846,1,0,0,0,0,AsyD2
3847,5,0,0,0,0,AsyD2
3848,0,0,1,5,0,AsyD2
3849,1,1,0,0,0,AsyD2
3850,2,3,2,0,2,AsyD2
3851,0,1,0,0,3,AsyD2
3852,3,1,0,5,0,AsyD2
3853,3,1,0,5,0,AsyD2
3854,0,0,0,3,0,AsyD2
3855,0,0,3,0,0,AsyD2
3856,4,4,0,3,0,AsyD2
3857,0,0,0,5,0,AsyD2
3858,2,0,0,0,0,AsyD2
3859,1,0,5,0,0,AsyD2
3860,0,0,0,5,0,AsyD2
3861,2,5,0,5,0,AsyD2
3862,0,5,5,0,2,AsyD2
3863,0,5,0,1,0,AsyD2
3864,0,0,5,0,0,AsyD2
3865,0,0,3,0,0,AsyD2
3866,5,0,5,0,0,AsyD2
3867,3,1,0,0,3,AsyD2
3868,0,0,0,5,0,AsyD2
3869,1,5,0,0,0,AsyD2
3870,0,0,0,5,0,AsyD2
3871,0,0,0,0,0,AsyD2
3872,0,0,0,0,0,AsyD2
3873,2,5,0,0,0,AsyD2
3874,3,1,0,0,0,AsyD2
3875,0,5,0,0,0,AsyD2
3876,1,0,1,0,0,AsyD2
3877,5,3,0,0,0,AsyD2
3878,1,5,0,0,0,AsyD2
3879,5,5,5,0,0,AsyD2
3880,1,0,0,0,0,AsyD2
3881,2,0,0,0,0,AsyD2
3882,0,0,3,3,0,AsyD2
3883,2,0,0,0,0,AsyD2
3884,0,0,5,0,0,AsyD2
3885,5,0,3,0,0,AsyD2
3886,1,1,3,5,0,AsyD2
3887,1,1,0,0,0,AsyD2
3888,2,5,3,5,0,AsyD2
3889,0,0,0,0,3,AsyD2
3890,2,0,0,0,0,AsyD2
3891,0,5,0,0,3,AsyD2
3892,3,0,2,0,0,AsyD2
3893,2,3,0,5,0,AsyD2
3894,0,0,0,5,0,AsyD2
3895,0,0,0,0,0,AsyD2
3896,0,0,0,0,0,AsyD2
3897,0,1,0,0,0,AsyD2
3898,2,1,0,0,0,AsyD2
3899,2,0,0,5,0,AsyD2
3900,2,0,1,0,3,AsyD2
3901,0,1,0,5,0,AsyD2
3902,0,5,1,0,0,AsyD2
3903,2,0,0,5,0,AsyD2
3904,2,5,0,0,0,AsyD2
3905,1,0,1,1,0,AsyD2
3906,0,5,2,0,0,AsyD2
3907,2,0,0,0,0,AsyD2
3908,1,0,4,0,0,AsyD2
3909,5,1,0,0,4,AsyD2
3910,0,1,0,0,0,AsyD2
3911,0,1,0,0,0,AsyD2
3912,3,0,1,0,0,AsyD2
3913,0,0,0,0,0,AsyD2
3914,0,5,1,0,0,AsyD2
3915,3,1,3,5,0,AsyD2
3916,0,0,3,5,0,AsyD2
3917,0,3,0,0,0,AsyD2
3918,0,0,0,0,0,AsyD2
3919,0,0,3,5,0,AsyD2
3920,0,0,0,0,0,AsyD2
3921,1,0,0,5,0,AsyD2
3922,0,5,0,0,0,AsyD2
3923,0,0,1,5,0,AsyD2
3924,1,5,0,5,0,AsyD2
3925,2,1,1,0,0,AsyD2
3926,1,2,4,0,0,AsyD2
3927,3,5,0,5,0,AsyD2
3928,1,1,3,0,0,AsyD2
3929,5,5,3,0,0,AsyD2
3930,0,0,0,0,3,AsyD2
3931,0,0,1,0,0,AsyD2
3932,0,0,2,1,0,AsyD2
3933,1,1,0,0,0,AsyD2
3934,0,0,0,5,3,AsyD2
3935,1,0,0,3,0,AsyD2
3936,3,3,0,0,0,AsyD2
3937,2,0,5,5,0,AsyD2
3938,0,0,0,1,0,AsyD2
3939,0,0,0,5,0,AsyD2
3940,3,1,0,0,0,AsyD2
3941,5,5,0,0,4,AsyD2
3942,3,1,3,5,0,AsyD2
3943,1,0,1,0,2,AsyD2
3944,3,5,0,0,3,AsyD2
3945,0,5,3,1,0,AsyD2
3946,2,0,2,0,0,AsyD2
3947,3,0,1,1,3,AsyD2
3948,0,0,3,0,0,AsyD2
3949,1,1,3,5,0,AsyD2
3950,2,2,0,0,0,AsyD2
3951,2,5,2,0,0,AsyD2
3952,2,0,0,3,3,AsyD2
3953,0,0,0,0,0,AsyD2
3954,2,0,0,1,0,AsyD2
3955,3,1,3,0,0,AsyD2
3956,0,0,0,0,0,AsyD2
3957,5,1,0,1,0,AsyD2
3958,2,0,0,0,0,AsyD2
3959,3,0,3,0,0,AsyD2
3960,0,5,0,3,3,AsyD2
3961,0,0,0,0,0,AsyD2
3962,1,0,0,3,0,AsyD2
3963,3,5,0,5,0,AsyD2
3964,3,0,0,0,4,AsyD2
3965,0,0,0,0,1,AsyD2
3966,0,3,0,0,0,AsyD2
3967,3,0,0,3,0,AsyD2
3968,2,1,0,0,0,AsyD2
3969,0,0,0,0,0,AsyD2
3970,2,0,0,3,0,AsyD2
3971,1,0,0,3,0,AsyD2
3972,3,0,0,0,0,AsyD2
3973,0,1,0,0,0,AsyD2
3974,1,1,3,0,3,AsyD2
3975,0,5,3,5,0,AsyD2
3976,0,0,0,0,0,AsyD2
3977,0,0,0,3,0,AsyD2
3978,0,1,0,0,0,AsyD2
3979,0,0,3,5,2,AsyD2
3980,0,0,0,5,0,AsyD2
3981,2,1,3,0,0,AsyD2
3982,2,1,0,0,0,AsyD2
3983,2,5,0,0,0,AsyD2
3984,1,0,1,3,0,AsyD2
3985,0,0,3,0,1,AsyD2
3986,1,0,5,0,1,AsyD2
3987,3,0,0,0,0,AsyD2
3988,0,0,0,0,0,AsyD2
3989,0,0,3,3,3,AsyD2
3990,5,5,0,0,0,AsyD2
3991,0,0,0,0,0,AsyD2
3992,2,1,0,5,0,AsyD2
3993,0,0,2,0,0,AsyD2
3994,3,1,3,0,3,AsyD2
3995,5,1,0,5,1,AsyD2
3996,0,0,0,0,0,AsyD2
3997,0,0,0,0,1,AsyD2
3998,4,4,0,0,0,AsyD2
3999,2,0,3,0,0,AsyD2
4000,0,0,3,0,0,AsyD2
4001,5,5,5,0,0,AsyD2
4002,4,4,0,3,0,AsyD2
4003,1,0,0,0,0,AsyD2
4004,0,0,0,0,0,AsyD2
4005,0,5,3,5,0,AsyD2
4006,3,0,1,0,0,AsyD2
4007,0,0,0,0,0,AsyD2
4008,0,1,0,0,0,AsyD2
4009,0,1,5,5,0,AsyD2
4010,1,0,4,0,0,AsyD2
4011,1,0,0,0,0,AsyD2
4012,2,0,0,5,0,AsyD2
4013,1,5,0,0,0,AsyD2
4014,5,0,0,0,0,AsyD2
4015,2,0,0,5,0,AsyD2
4016,0,2,5,0,0,AsyD2
4017,0,5,0,0,0,AsyD2
4018,0,1,0,0,0,AsyD2
4019,3,3,0,1,0,AsyD2
4020,3,1,5,4,0,AsyD2
4021,0,0,0,3,0,AsyD2
4022,0,0,2,0,0,AsyD2
4023,0,5,0,0,0,AsyD2
4024,0,3,0,0,0,AsyD2
4025,0,0,0,0,0,AsyD2
4026,3,5,0,5,3,AsyD2
4027,1,0,5,0,0,AsyD2
4028,2,0,0,0,0,AsyD2
4029,0,1,3,0,0,AsyD2
4030,0,0,0,0,0,AsyD2
4031,3,0,0,0,5,AsyD2
4032,2,5,0,5,0,AsyD2
4033,0,0,3,0,3,AsyD2
4034,2,0,0,0,4,AsyD2
4035,2,0,0,0,0,AsyD2
4036,2,2,0,5,1,AsyD2
4037,1,1,4,5,0,AsyD2
4038,0,5,0,5,0,AsyD2
4039,1,0,2,0,0,AsyD2
4040,0,0,5,0,5,AsyD2
4041,0,5,0,0,0,AsyD2
4042,0,0,0,0,0,AsyD2
4043,0,0,0,5,2,AsyD2
4044,0,0,3,0,0,AsyD2
4045,2,0,0,0,0,AsyD2
4046,3,5,0,5,0,AsyD2
4047,1,1,5,5,0,AsyD2
4048,0,0,0,5,0,AsyD2
4049,0,0,1,0,3,AsyD2
4050,0,5,0,0,0,AsyD2
4051,0,5,3,0,5,AsyD2
4052,2,0,3,0,1,AsyD2
4053,2,3,0,0,3,AsyD2
4054,2,0,0,0,0,AsyD2
4055,1,0,5,0,0,AsyD2
4056,0,0,1,0,0,AsyD2
4057,0,0,0,0,0,AsyD2
4058,0,0,0,0,0,AsyD2
4059,3,0,0,0,2,AsyD2
4060,0,0,3,0,0,AsyD2
4061,0,0,0,0,0,AsyD2
4062,1,1,0,0,0,AsyD2
4063,0,0,0,5,3,AsyD2
4064,3,1,0,0,3,AsyD2
4065,0,1,0,0,3,AsyD2
4066,1,0,0,0,0,AsyD2
4067,2,1,0,0,0,AsyD2
4068,2,5,0,0,0,AsyD2
4069,1,1,0,3,0,AsyD2
4070,2,0,0,1,5,AsyD2
4071,0,0,0,0,0,AsyD2
4072,1,1,3,5,0,AsyD2
4073,3,5,1,0,0,AsyD2
4074,2,5,5,3,3,AsyD2
4075,0,0,0,0,0,AsyD2
4076,1,0,0,0,0,AsyD2
4077,1,1,0,0,0,AsyD2
4078,0,0,0,0,0,AsyD2
4079,0,0,1,0,0,AsyD2
4080,4,4,0,0,0,AsyD2
4081,2,5,0,0,3,AsyD2
4082,3,5,0,5,3,AsyD2
4083,3,0,0,3,0,AsyD2
4084,0,0,0,5,5,AsyD2
4085,2,0,1,0,0,AsyD2
4086,2,0,0,0,0,AsyD2
4087,3,5,1,5,1,AsyD2
4088,0,0,0,1,0,AsyD2
4089,0,0,0,0,0,AsyD2
4090,1,1,3,5,0,AsyD2
4091,0,0,5,0,1,AsyD2
4092,3,5,0,0,0,AsyD2
4093,0,0,3,0,0,AsyD2
4094,1,0,0,0,0,AsyD2
4095,0,5,1,5,0,AsyD2
4096,5,0,1,3,0,AsyD2
4097,3,0,0,5,0,AsyD2
4098,1,0,0,0,0,AsyD2
4099,3,2,0,1,0,AsyD2
4100,1,3,0,0,0,AsyD2
4101,2,0,3,0,0,AsyD2
4102,2,0,1,0,0,AsyD2
4103,0,0,0,3,0,AsyD2
4104,0,0,0,0,0,AsyD2
4105,1,1,0,0,1,AsyD2
4106,0,0,5,0,0,AsyD2
4107,1,0,0,0,0,AsyD2
4108,0,0,3,5,0,AsyD2
4109,1,0,0,3,0,AsyD2
4110,0,0,0,0,0,AsyD2
4111,0,0,1,5,0,AsyD2
4112,1,1,1,0,1,AsyD2
4113,0,3,1,1,0,AsyD2
4114,1,5,3,3,0,AsyD2
4115,5,1,0,5,2,AsyD2
4116,5,0,5,0,0,AsyD2
4117,3,0,0,0,0,AsyD2
4118,5,2,0,0,0,AsyD2
4119,2,0,0,0,0,AsyD2
4120,0,0,0,5,2,AsyD2
4121,1,5,5,5,0,AsyD2
4122,2,2,3,5,0,AsyD2
4123,1,1,1,3,0,AsyD2
4124,1,0,0,0,0,AsyD2
4125,3,3,0,1,0,AsyD2
4126,1,0,0,5,4,AsyD2
4127,0,0,0,5,3,AsyD2
4128,2,0,0,0,0,AsyD2
4129,0,0,1,0,0,AsyD2
4130,3,5,0,3,0,AsyD2
4131,0,0,1,5,0,AsyD2
4132,1,0,1,0,0,AsyD2
4133,0,0,2,5,0,AsyD2
4134,5,0,0,0,0,AsyD2
4135,1,1,0,1,0,AsyD2
4136,1,0,0,5,3,AsyD2
4137,5,5,1,0,0,AsyD2
4138,0,0,0,0,0,AsyD2
4139,0,0,0,5,0,AsyD2
4140,2,0,0,0,0,AsyD2
4141,0,0,5,0,0,AsyD2
4142,0,0,1,0,2,AsyD2
4143,0,5,0,0,0,AsyD2
4144,3,5,5,0,0,AsyD2
4145,3,1,1,5,0,AsyD2
4146,1,5,0,0,0,AsyD2
4147,5,5,1,5,0,AsyD2
4148,2,0,0,5,0,AsyD2
4149,0,5,0,1,0,AsyD2
4150,5,1,0,5,0,AsyD2
4151,2,0,5,5,3,AsyD2
4152,1,5,0,0,0,AsyD2
4153,0,2,1,3,0,AsyD2
4154,0,1,0,0,0,AsyD2
4155,0,0,0,5,0,AsyD2
4156,0,0,0,5,0,AsyD2
4157,5,5,1,0,0,AsyD2
4158,2,0,2,0,0,AsyD2
4159,5,5,1,0,0,AsyD2
4160,3,5,1,0,0,AsyD2
4161,1,0,0,0,0,AsyD2
4162,0,0,0,3,0,AsyD2
4163,0,0,0,0,3,AsyD2
4164,5,0,0,0,4,AsyD2
4165,0,1,1,5,0,AsyD2
4166,1,0,0,5,0,AsyD2
4167,5,5,0,0,0,AsyD2
4168,5,1,0,5,0,AsyD2
4169,0,5,0,0,0,AsyD2
4170,1,0,3,0,0,AsyD2
4171,0,0,0,0,0,AsyD2
4172,0,0,0,0,0,AsyD2
4173,3,2,0,0,3,AsyD2
4174,0,5,0,0,0,AsyD2
4175,0,0,0,0,0,AsyD2
4176,2,1,3,5,0,AsyD2
4177,0,0,0,0,0,AsyD2
4178,1,1,1,0,0,AsyD2
4179,3,0,2,0,0,AsyD2
4180,0,0,1,0,0,AsyD2
4181,0,5,0,5,0,AsyD2
4182,0,0,0,0,3,AsyD2
4183,3,0,0,0,0,AsyD2
4184,0,0,2,0,0,AsyD2
4185,0,1,0,0,0,AsyD2
4186,3,0,1,0,0,AsyD2
4187,2,0,0,0,1,AsyD2
4188,1,5,0,5,0,AsyD2
4189,2,0,3,0,0,AsyD2
4190,0,0,0,0,0,AsyD2
4191,0,0,0,0,3,AsyD2
4192,2,1,0,0,0,AsyD2
4193,5,1,2,0,0,AsyD2
4194,2,1,0,1,0,AsyD2
4195,0,0,0,0,0,AsyD2
4196,1,0,0,1,3,AsyD2
4197,2,5,3,3,0,AsyD2
4198,2,1,3,3,3,AsyD2
4199,2,5,1,0,0,AsyD2
4200,2,1,0,1,0,AsyD2
4201,2,5,0,0,4,AsyD2
4202,1,0,0,0,4,AsyD2
4203,0,0,3,3,0,AsyD2
4204,0,0,0,5,0,AsyD2
4205,0,0,1,3,0,AsyD2
4206,2,0,0,0,0,AsyD2
4207,0,0,3,0,0,AsyD2
4208,2,0,0,0,0,AsyD2
4209,0,0,0,0,0,AsyD2
4210,0,0,3,5,3,AsyD2
4211,1,2,0,0,3,AsyD2
4212,2,0,0,0,3,AsyD2
4213,1,0,0,0,0,AsyD2
4214,2,0,0,5,0,AsyD2
4215,3,5,0,3,4,AsyD2
4216,3,1,3,0,0,AsyD2
4217,1,1,0,0,3,AsyD2
4218,3,1,0,0,0,AsyD2
4219,0,0,0,0,0,AsyD2
4220,5,5,1,3,3,AsyD2
4221,5,3,0,0,3,AsyD2
4222,5,1,1,0,0,AsyD2
4223,0,0,1,5,3,AsyD2
4224,0,0,0,1,0,AsyD2
4225,3,0,1,0,0,AsyD2
4226,1,5,0,0,0,AsyD2
4227,0,0,3,0,0,AsyD2
4228,0,0,0,0,0,AsyD2
4229,1,0,1,5,0,AsyD2
4230,2,0,3,0,0,AsyD2
4231,1,1,0,0,0,AsyD2
4232,1,5,0,5,0,AsyD2
4233,2,0,4,0,0,AsyD2
4234,0,0,3,0,0,AsyD2
4235,0,1,1,0,0,AsyD2
4236,2,0,2,0,1,AsyD2
4237,0,0,3,5,0,AsyD2
4238,0,0,0,0,3,AsyD2
4239,2,0,0,0,1,AsyD2
4240,1,1,0,0,2,AsyD2
4241,0,0,0,0,3,AsyD2
4242,3,3,0,0,2,AsyD2
4243,3,1,3,0,0,AsyD2
4244,0,0,3,0,0,AsyD2
4245,5,5,0,0,0,AsyD2
4246,1,0,3,0,0,AsyD2
4247,2,0,0,0,0,AsyD2
4248,2,0,0,5,0,AsyD2
4249,0,0,1,0,0,AsyD2
4250,3,0,0,0,1,AsyD2
4251,1,0,0,3,2,AsyD2
4252,3,3,5,0,0,AsyD2
4253,5,5,0,0,0,AsyD2
4254,5,3,0,0,2,AsyD2
4255,3,0,0,0,3,AsyD2
4256,1,1,1,0,0,AsyD2
4257,0,5,0,5,0,AsyD2
4258,0,0,0,3,1,AsyD2
4259,0,0,3,0,0,AsyD2
4260,3,0,1,3,0,AsyD2
4261,1,3,3,0,0,AsyD2
4262,2,1,5,5,0,AsyD2
4263,2,0,3,0,0,AsyD2
4264,0,0,0,0,4,AsyD2
4265,3,0,0,5,0,AsyD2
4266,1,1,0,0,4,AsyD2
4267,1,3,0,5,0,AsyD2
4268,2,0,5,5,0,AsyD2
4269,2,0,1,0,2,AsyD2
4270,2,0,0,5,0,AsyD2
4271,0,0,3,0,2,AsyD2
4272,0,1,3,0,3,AsyD2
4273,3,3,0,0,0,AsyD2
4274,0,0,0,0,1,AsyD2
4275,2,0,0,0,0,AsyD2
4276,5,0,0,0,0,AsyD2
4277,0,0,5,5,0,AsyD2
4278,0,1,1,5,0,AsyD2
4279,2,1,0,0,0,AsyD2
4280,1,0,0,3,0,AsyD2
4281,0,0,0,5,0,AsyD2
4282,3,0,0,0,0,AsyD2
4283,0,0,1,0,0,AsyD2
4284,1,0,0,0,0,AsyD2
4285,2,5,1,0,0,AsyD2
4286,2,0,0,0,0,AsyD2
4287,3,1,0,0,0,AsyD2
4288,0,0,0,0,0,AsyD2
4289,2,1,0,0,0,AsyD2
4290,3,3,0,3,1,AsyD2
4291,0,0,3,5,0,AsyD2
4292,0,0,0,0,0,AsyD2
4293,2,0,0,5,0,AsyD2
4294,5,0,0,0,4,AsyD2
4295,1,0,0,0,0,AsyD2
4296,0,0,0,0,0,AsyD2
4297,0,0,1,0,0,AsyD2
4298,1,1,0,0,0,AsyD2
4299,0,1,1,3,0,AsyD2
4300,5,1,0,3,0,AsyD2
4301,1,0,2,5,0,AsyD2
4302,0,0,5,3,0,AsyD2
4303,0,0,0,0,0,AsyD2
4304,1,0,0,0,0,AsyD2
4305,0,0,0,0,0,AsyD2
4306,5,0,5,0,0,AsyD2
4307,5,3,0,0,0,AsyD2
4308,3,0,0,5,0,AsyD2
4309,0,0,0,0,0,AsyD2
4310,1,0,0,1,1,AsyD2
4311,0,5,0,0,0,AsyD2
4312,0,0,3,0,0,AsyD2
4313,0,0,0,0,0,AsyD2
4314,3,0,0,1,0,AsyD2
4315,3,1,1,0,0,AsyD2
4316,0,2,0,0,0,AsyD2
4317,0,0,0,1,0,AsyD2
4318,3,5,0,0,1,AsyD2
4319,5,5,5,0,0,AsyD2
4320,2,5,0,0,0,AsyD2
4321,1,3,0,0,0,AsyD2
4322,0,0,1,0,0,AsyD2
4323,5,0,0,0,1,AsyD2
4324,0,0,3,0,1,AsyD2
4325,0,0,0,0,0,AsyD2
4326,3,5,1,5,0,AsyD2
4327,0,0,3,0,0,AsyD2
4328,0,1,3,3,0,AsyD2
4329,0,0,3,0,0,AsyD2
4330,5,0,1,5,0,AsyD2
4331,0,0,0,0,0,AsyD2
4332,2,5,5,0,0,AsyD2
4333,0,0,1,0,0,AsyD2
4334,0,1,0,1,0,AsyD2
4335,0,1,1,5,0,AsyD2
4336,0,0,0,0,0,AsyD2
4337,3,0,0,0,0,AsyD2
4338,0,0,0,5,0,AsyD2
4339,1,0,0,0,0,AsyD2
4340,0,5,0,0,0,AsyD2
4341,1,0,0,0,0,AsyD2
4342,0,5,0,0,0,AsyD2
4343,0,0,5,5,0,AsyD2
4344,0,0,0,0,0,AsyD2
4345,3,3,0,5,0,AsyD2
4346,0,0,0,0,0,AsyD2
4347,2,0,0,1,0,AsyD2
4348,2,0,0,5,0,AsyD2
4349,4,0,0,0,0,AsyD2
4350,2,0,0,0,1,AsyD2
4351,1,5,4,0,0,AsyD2
4352,1,3,5,0,0,AsyD2
4353,0,0,0,0,3,AsyD2
4354,0,0,5,0,0,AsyD2
4355,3,5,0,0,1,AsyD2
4356,5,1,0,0,0,AsyD2
4357,2,0,0,0,0,AsyD2
4358,0,0,0,0,0,AsyD2
4359,3,0,1,0,0,AsyD2
4360,0,1,3,0,0,AsyD2
4361,0,0,3,5,0,AsyD2
4362,0,0,0,5,0,AsyD2
4363,0,0,0,0,0,AsyD2
4364,2,0,0,0,0,AsyD2
4365,0,5,0,0,0,AsyD2
4366,0,0,0,0,0,AsyD2
4367,2,1,0,5,0,AsyD2
4368,2,0,0,0,0,AsyD2
4369,3,5,0,0,0,AsyD2
4370,0,3,1,0,0,AsyD2
4371,0,0,0,0,0,AsyD2
4372,0,0,0,0,0,AsyD2
4373,0,0,0,5,0,AsyD2
4374,5,0,0,0,0,AsyD2
4375,3,0,3,0,0,AsyD2
4376,1,0,3,0,1,AsyD2
4377,2,0,5,0,0,AsyD2
4378,2,2,0,0,0,AsyD2
4379,0,0,0,0,0,AsyD2
4380,0,0,3,5,0,AsyD2
4381,0,0,0,0,0,AsyD2
4382,3,0,5,0,0,AsyD2
4383,3,5,0,0,0,AsyD2
4384,2,1,0,0,4,AsyD2
4385,5,1,0,0,0,AsyD2
4386,1,0,0,1,0,AsyD2
4387,0,0,0,5,0,AsyD2
4388,1,0,1,0,0,AsyD2
4389,0,0,3,0,2,AsyD2
4390,0,0,0,0,0,AsyD2
4391,1,0,0,0,0,AsyD2
4392,2,1,0,3,2,AsyD2
4393,2,5,1,0,0,AsyD2
4394,0,3,0,5,0,AsyD2
4395,0,5,0,5,0,AsyD2
4396,2,0,0,0,0,AsyD2
4397,1,2,0,0,0,AsyD2
4398,0,0,1,5,0,AsyD2
4399,0,0,0,5,0,AsyD2
4400,0,5,0,0,0,AsyD2
4401,0,5,4,5,0,AsyD2
4402,3,0,0,0,0,AsyD2
4403,0,0,0,0,0,AsyD2
4404,3,0,5,0,0,AsyD2
4405,1,5,0,5,0,AsyD2
4406,0,0,0,0,0,AsyD2
4407,0,0,1,0,0,AsyD2
4408,3,5,0,0,0,AsyD2
4409,1,0,1,0,0,AsyD2
4410,2,0,3,0,0,AsyD2
4411,1,0,2,0,0,AsyD2
4412,1,5,0,0,0,AsyD2
4413,0,0,1,0,0,AsyD2
4414,1,0,4,0,3,AsyD2
4415,0,0,1,0,0,AsyD2
4416,5,1,2,0,0,AsyD2
4417,0,0,3,5,0,AsyD2
4418,2,0,0,0,0,AsyD2
4419,0,0,3,0,0,AsyD2
4420,2,1,1,5,0,AsyD2
4421,3,0,5,0,0,AsyD2
4422,5,5,1,0,0,AsyD2
4423,2,5,0,0,1,AsyD2
4424,0,1,0,0,0,AsyD2
4425,2,1,4,0,0,AsyD2
4426,0,0,1,0,3,AsyD2
4427,0,0,0,5,0,AsyD2
4428,3,0,4,0,1,AsyD2
4429,0,0,0,0,0,AsyD2
4430,0,0,5,0,0,AsyD2
4431,0,0,0,0,0,AsyD2
4432,0,0,5,0,0,AsyD2
4433,0,0,0,5,0,AsyD2
4434,2,1,0,1,0,AsyD2
4435,2,1,0,5,0,AsyD2
4436,0,0,0,0,0,AsyD2
4437,0,5,0,5,0,AsyD2
4438,4,4,1,0,0,AsyD2
4439,2,0,3,5,0,AsyD2
4440,0,0,0,0,0,AsyD2
4441,2,0,3,0,0,AsyD2
4442,2,0,1,0,0,AsyD2
4443,2,5,0,1,0,AsyD2
4444,0,0,3,0,0,AsyD2
4445,3,5,0,0,1,AsyD2
4446,3,1,0,5,4,AsyD2
4447,1,1,3,5,2,AsyD2
4448,5,5,5,0,0,AsyD2
4449,3,0,0,0,0,AsyD2
4450,0,0,0,5,0,AsyD2
4451,0,1,2,0,0,AsyD2
4452,1,0,3,0,0,AsyD2
4453,0,1,5,0,0,AsyD2
4454,0,1,1,0,0,AsyD2
4455,2,0,0,5,0,AsyD2
4456,0,0,0,0,3,AsyD2
4457,1,5,4,0,3,AsyD2
4458,1,1,3,0,0,AsyD2
4459,0,0,0,5,0,AsyD2
4460,0,0,0,5,0,AsyD2
4461,3,0,3,1,0,AsyD2
4462,0,0,0,5,0,AsyD2
4463,0,2,5,0,3,AsyD2
4464,0,0,0,5,2,AsyD2
4465,1,1,0,5,0,AsyD2
4466,0,0,5,0,0,AsyD2
4467,2,0,5,0,0,AsyD2
4468,0,0,0,0,0,AsyD2
4469,4,4,0,0,0,AsyD2
4470,3,5,0,0,1,AsyD2
4471,0,0,0,5,0,AsyD2
4472,1,1,0,5,0,AsyD2
4473,0,0,1,5,0,AsyD2
4474,0,0,1,5,0,AsyD2
4475,0,0,0,0,0,AsyD2
4476,3,1,0,0,0,AsyD2
4477,0,0,1,0,0,AsyD2
4478,2,1,0,5,0,AsyD2
4479,2,1,3,0,0,AsyD2
4480,1,0,5,0,0,AsyD2
4481,2,0,1,0,0,AsyD2
4482,3,1,4,1,0,AsyD2
4483,1,1,0,0,0,AsyD2
4484,2,0,0,0,0,AsyD2
4485,3,5,1,5,1,AsyD2
4486,5,3,1,1,0,AsyD2
4487,1,0,0,1,0,AsyD2
4488,0,1,0,0,0,AsyD2
4489,0,0,1,3,0,AsyD2
4490,2,1,2,5,2,AsyD2
4491,2,0,0,0,0,AsyD2
4492,5,1,5,5,0,AsyD2
4493,0,0,0,0,0,AsyD2
4494,1,1,3,0,0,AsyD2
4495,1,1,0,5,0,AsyD2
4496,0,0,3,0,2,AsyD2
4497,0,0,1,0,0,AsyD2
4498,0,0,1,5,5,AsyD2
4499,0,0,0,5,1,AsyD2
4500,2,0,1,5,0,AsyD2
4501,0,0,5,0,0,AsyD2
4502,0,0,2,0,0,AsyD2
4503,1,0,1,0,3,AsyD2
4504,0,5,3,5,0,AsyD2
4505,0,0,0,0,3,AsyD2
4506,1,1,1,0,0,AsyD2
4507,1,0,0,5,0,AsyD2
4508,3,1,0,5,0,AsyD2
4509,3,0,0,3,0,AsyD2
4510,3,0,0,5,4,AsyD2
4511,2,0,0,5,0,AsyD2
4512,0,0,0,5,3,AsyD2
4513,3,5,0,5,0,AsyD2
4514,0,5,0,0,0,AsyD2
4515,2,0,5,0,0,AsyD2
4516,0,1,3,0,0,AsyD2
4517,0,0,0,0,0,AsyD2
4518,1,0,0,0,0,AsyD2
4519,0,0,0,0,0,AsyD2
4520,0,0,1,0,0,AsyD2
4521,1,5,0,5,0,AsyD2
4522,1,1,0,3,0,AsyD2
4523,0,3,3,5,0,AsyD2
4524,0,1,5,0,0,AsyD2
4525,3,5,0,5,0,AsyD2
4526,0,0,0,0,0,AsyD2
4527,2,1,3,5,0,AsyD2
4528,3,3,1,0,1,AsyD2
4529,0,0,1,0,0,AsyD2
4530,3,0,1,0,0,AsyD2
4531,3,0,0,0,4,AsyD2
4532,0,0,1,5,0,AsyD2
4533,0,0,0,1,0,AsyD2
4534,0,0,0,0,0,AsyD2
4535,1,1,5,0,0,AsyD2
4536,0,0,0,0,2,AsyD2
4537,2,5,0,0,3,AsyD2
4538,2,0,0,0,0,AsyD2
4539,3,0,3,5,5,AsyD2
4540,1,1,3,5,0,AsyD2
4541,0,0,5,5,0,AsyD2
4542,0,5,0,1,0,AsyD2
4543,0,1,0,0,0,AsyD2
4544,2,0,2,0,0,AsyD2
4545,0,0,0,0,0,AsyD2
4546,0,0,3,1,0,AsyD2
4547,3,0,5,0,0,AsyD2
4548,0,0,0,1,3,AsyD2
4549,1,0,1,1,2,AsyD2
4550,1,0,0,0,0,AsyD2
4551,0,0,3,0,0,AsyD2
4552,0,0,1,0,0,AsyD2
4553,0,0,0,5,0,AsyD2
4554,0,0,3,0,0,AsyD2
4555,0,0,0,0,0,AsyD2
4556,0,5,0,0,0,AsyD2
4557,0,0,0,3,0,AsyD2
4558,2,1,1,5,0,AsyD2
4559,1,1,1,5,0,AsyD2
4560,5,0,3,5,0,AsyD2
4561,3,0,3,1,1,AsyD2
4562,3,1,0,1,0,AsyD2
4563,0,0,3,5,0,AsyD2
4564,0,0,0,0,0,AsyD2
4565,0,0,0,5,0,AsyD2
4566,2,0,0,0,0,AsyD2
4567,0,5,1,3,0,AsyD2
4568,1,0,0,5,0,AsyD2
4569,2,0,0,0,5,AsyD2
4570,2,0,3,0,0,AsyD2
4571,2,0,3,0,0,AsyD2
4572,0,0,0,0,0,AsyD2
4573,0,0,0,0,0,AsyD2
4574,0,0,3,0,2,AsyD2
4575,0,1,0,5,3,AsyD2
4576,1,1,0,0,2,AsyD2
4577,1,1,0,1,0,AsyD2
4578,0,0,1,5,0,AsyD2
4579,1,1,0,5,0,AsyD2
4580,1,0,0,0,0,AsyD2
4581,2,0,0,0,0,AsyD2
4582,1,5,0,1,1,AsyD2
4583,0,0,0,5,0,AsyD2
4584,0,0,0,0,0,AsyD2
4585,5,0,0,0,0,AsyD2
4586,3,0,0,5,0,AsyD2
4587,0,0,0,0,3,AsyD2
4588,0,0,0,0,0,AsyD2
4589,5,0,0,0,0,AsyD2
4590,3,5,0,5,0,AsyD2
4591,2,0,0,0,0,AsyD2
4592,2,0,2,0,0,AsyD2
4593,0,0,0,0,0,AsyD2
4594,0,0,1,0,0,AsyD2
4595,1,0,1,5,0,AsyD2
4596,0,0,0,5,0,AsyD2
4597,0,5,3,0,0,AsyD2
4598,0,0,0,0,0,AsyD2
4599,0,0,0,0,0,AsyD2
4600,1,3,0,0,0,AsyD2
4601,0,0,0,4,0,AsyD2
4602,2,1,0,0,0,AsyD2
4603,2,1,0,0,0,AsyD2
4604,0,1,0,0,0,AsyD2
4605,1,0,0,0,0,AsyD2
4606,0,5,5,5,0,AsyD2
4607,0,0,1,3,0,AsyD2
4608,2,1,0,0,0,AsyD2
4609,0,0,0,5,0,AsyD2
4610,0,0,0,1,0,AsyD2
4611,1,5,0,5,0,AsyD2
4612,0,0,0,0,0,AsyD2
4613,2,1,0,0,0,AsyD2
4614,1,0,0,5,0,AsyD2
4615,5,0,0,0,3,AsyD2
4616,5,0,5,0,3,AsyD2
4617,3,5,1,0,0,AsyD2
4618,1,1,4,0,1,AsyD2
4619,1,0,0,0,0,AsyD2
4620,0,3,1,0,0,AsyD2
4621,0,0,0,0,0,AsyD2
4622,0,0,0,0,0,AsyD2
4623,0,0,0,0,0,AsyD2
4624,2,0,0,0,3,AsyD2
4625,5,0,1,0,0,AsyD2
4626,1,0,0,0,0,AsyD2
4627,2,0,0,0,0,AsyD2
4628,1,0,0,3,0,AsyD2
4629,0,5,0,0,0,AsyD2
4630,2,1,0,5,0,AsyD2
4631,1,1,3,0,0,AsyD2
4632,0,0,3,3,0,AsyD2
4633,5,0,0,0,0,AsyD2
4634,2,1,3,0,1,AsyD2
4635,0,0,0,0,0,AsyD2
4636,0,0,0,0,3,AsyD2
4637,1,0,0,0,0,AsyD2
4638,0,0,0,0,3,AsyD2
4639,0,1,3,5,0,AsyD2
4640,1,0,0,0,5,AsyD2
4641,2,0,0,5,0,AsyD2
4642,0,0,0,5,0,AsyD2
4643,3,3,0,0,0,AsyD2
4644,3,1,0,0,0,AsyD2
4645,1,0,1,0,0,AsyD2
4646,0,0,3,0,0,AsyD2
4647,0,2,0,0,0,AsyD2
4648,1,5,0,0,3,AsyD2
4649,2,0,0,5,0,AsyD2
4650,3,1,0,0,2,AsyD2
4651,0,0,0,0,0,AsyD2
4652,0,0,0,1,0,AsyD2
4653,0,0,1,0,3,AsyD2
4654,0,1,5,0,3,AsyD2
4655,0,0,0,0,0,AsyD2
4656,0,0,3,5,0,AsyD2
4657,1,5,0,0,0,AsyD2
4658,0,0,1,0,3,AsyD2
4659,0,0,0,0,3,AsyD2
4660,3,5,0,5,0,AsyD2
4661,0,0,0,1,3,AsyD2
4662,0,0,0,0,0,AsyD2
4663,0,5,0,0,0,AsyD2
4664,4,4,3,5,0,AsyD2
4665,5,0,0,0,0,AsyD2
4666,0,1,0,0,3,AsyD2
4667,0,0,1,5,0,AsyD2
4668,5,0,3,0,0,AsyD2
4669,3,1,3,0,0,AsyD2
4670,5,1,2,0,0,AsyD2
4671,2,1,0,5,1,AsyD2
4672,3,1,0,5,0,AsyD2
4673,1,0,0,0,0,AsyD2
4674,2,1,3,0,0,AsyD2
4675,5,0,3,5,0,AsyD2
4676,0,0,0,0,0,AsyD2
4677,1,1,1,0,0,AsyD2
4678,1,0,1,0,0,AsyD2
4679,2,0,0,0,0,AsyD2
4680,3,0,0,5,3,AsyD2
4681,0,0,2,3,0,AsyD2
4682,2,5,0,0,0,AsyD2
4683,0,0,2,0,3,AsyD2
4684,0,0,0,5,0,AsyD2
4685,0,0,3,3,0,AsyD2
4686,0,0,0,0,0,AsyD2
4687,0,0,0,3,0,AsyD2
4688,2,0,0,5,3,AsyD2
4689,5,5,0,0,0,AsyD2
4690,0,0,3,0,0,AsyD2
4691,0,0,0,0,0,AsyD2
4692,0,0,1,0,0,AsyD2
4693,1,0,3,0,0,AsyD2
4694,3,3,0,0,0,AsyD2
4695,0,0,3,0,3,AsyD2
4696,5,0,0,0,0,AsyD2
4697,5,5,0,0,0,AsyD2
4698,0,0,1,5,0,AsyD2
4699,0,5,0,0,0,AsyD2
4700,0,0,0,5,0,AsyD2
4701,3,1,0,0,0,AsyD2
4702,0,0,3,0,2,AsyD2
4703,0,5,1,0,0,AsyD2
4704,1,1,0,0,0,AsyD2
4705,0,5,0,0,3,AsyD2
4706,1,0,0,5,0,AsyD2
4707,0,0,0,5,0,AsyD2
4708,0,0,0,1,0,AsyD2
4709,3,5,0,0,0,AsyD2
4710,1,1,0,0,0,AsyD2
4711,0,0,0,3,5,AsyD2
4712,0,5,0,0,3,AsyD2
4713,0,0,0,5,0,AsyD2
4714,0,0,3,5,0,AsyD2
4715,2,1,2,0,4,AsyD2
4716,1,1,0,5,0,AsyD2
4717,3,0,1,0,0,AsyD2
4718,2,0,0,5,0,AsyD2
4719,2,5,0,0,0,AsyD2
4720,2,0,3,0,0,AsyD2
4721,2,1,3,0,0,AsyD2
4722,3,0,3,0,0,AsyD2
4723,1,0,0,5,0,AsyD2
4724,2,2,0,3,0,AsyD2
4725,0,0,0,0,0,AsyD2
4726,0,0,0,5,0,AsyD2
4727,0,0,1,5,0,AsyD2
4728,0,5,0,0,3,AsyD2
4729,2,0,0,0,0,AsyD2
4730,0,0,1,5,0,AsyD2
4731,0,0,0,0,0,AsyD2
4732,0,0,0,0,0,AsyD2
4733,0,0,5,5,0,AsyD2
4734,0,3,1,5,4,AsyD2
4735,0,0,0,0,0,AsyD2
4736,0,0,0,0,0,AsyD2
4737,0,0,0,0,0,AsyD2
4738,0,0,0,0,3,AsyD2
4739,1,1,0,1,0,AsyD2
4740,0,5,0,0,0,AsyD2
4741,0,0,0,5,0,AsyD2
4742,2,0,3,0,0,AsyD2
4743,2,1,1,0,1,AsyD2
4744,2,0,0,0,0,AsyD2
4745,2,5,0,5,0,AsyD2
4746,0,0,0,0,0,AsyD2
4747,2,0,3,0,0,AsyD2
4748,2,0,1,0,0,AsyD2
4749,0,1,0,5,0,AsyD2
4750,0,0,0,0,0,AsyD2
4751,5,5,0,0,0,AsyD2
4752,1,0,0,0,0,AsyD2
4753,1,1,0,0,0,AsyD2
4754,0,0,0,0,5,AsyD2
4755,0,0,4,0,0,AsyD2
4756,5,0,3,5,0,AsyD2
4757,0,5,5,3,0,AsyD2
4758,3,5,0,0,0,AsyD2
4759,0,0,3,0,0,AsyD2
4760,3,5,0,0,0,AsyD2
4761,1,1,0,5,0,AsyD2
4762,2,1,0,5,0,AsyD2
4763,3,5,3,0,3,AsyD2
4764,3,0,2,0,0,AsyD2
4765,0,0,0,0,0,AsyD2
4766,0,0,1,0,0,AsyD2
4767,0,0,1,5,0,AsyD2
4768,0,1,2,1,3,AsyD2
4769,5,5,1,0,3,AsyD2
4770,1,1,5,0,0,AsyD2
4771,2,1,1,0,0,AsyD2
4772,2,5,1,5,0,AsyD2
4773,3,0,0,0,2,AsyD2
4774,2,1,0,5,0,AsyD2
4775,1,0,0,5,3,AsyD2
4776,1,0,0,0,0,AsyD2
4777,3,1,3,0,0,AsyD2
4778,0,1,3,5,0,AsyD2
4779,5,1,1,3,0,AsyD2
4780,0,0,0,0,2,AsyD2
4781,2,1,3,0,0,AsyD2
4782,1,1,0,5,0,AsyD2
4783,0,0,0,5,0,AsyD2
4784,0,5,0,4,0,AsyD2
4785,0,5,0,0,0,AsyD2
4786,2,5,0,5,3,AsyD2
4787,2,0,0,5,3,AsyD2
4788,3,1,0,5,0,AsyD2
4789,5,3,0,5,2,AsyD2
4790,3,5,0,0,4,AsyD2
4791,0,5,0,5,0,AsyD2
4792,0,0,5,0,2,AsyD2
4793,2,0,3,0,0,AsyD2
4794,0,0,1,3,0,AsyD2
4795,1,3,0,0,0,AsyD2
4796,1,1,5,0,0,AsyD2
4797,1,0,2,3,0,AsyD2
4798,5,3,0,0,0,AsyD2
4799,0,0,0,0,0,AsyD2
4800,0,0,5,0,0,AsyD2
4801,0,0,0,0,3,AsyD2
4802,1,0,0,0,0,AsyD2
4803,3,0,0,5,0,AsyD2
4804,0,5,0,0,0,AsyD2
4805,1,0,3,0,0,AsyD2
4806,0,0,0,5,1,AsyD2
4807,1,5,0,0,3,AsyD2
4808,1,0,0,0,0,AsyD2
4809,1,3,3,0,0,AsyD2
4810,1,0,0,0,0,AsyD2
4811,4,4,0,0,2,AsyD2
4812,2,1,0,0,0,AsyD2
4813,0,5,0,0,0,AsyD2
4814,0,0,0,1,0,AsyD2
4815,3,1,0,0,1,AsyD2
4816,0,5,2,0,0,AsyD2
4817,0,0,3,5,0,AsyD2
4818,1,0,0,0,0,AsyD2
4819,5,5,3,5,0,AsyD2
4820,1,0,0,0,0,AsyD2
